{
  "load_summary": {
    "count": 6000,
    "schedule_delay": {
      "mean": 0.00044331841899656867,
      "min": -0.0014331095335364807,
      "p0.1": -0.0010016256621456705,
      "p1": -0.0007556773055330268,
      "p5": -0.00043437809072202074,
      "p10": -0.00025681363040348516,
      "p25": 6.377312274707947e-05,
      "median": 0.0004401812348078238,
      "p75": 0.0008144001949403901,
      "p90": 0.0011400073886761676,
      "p95": 0.0013230009051767412,
      "p99": 0.0016602318375225885,
      "p99.9": 0.0022658695410647423,
      "max": 0.005214481196162524
    },
    "send_duration": 599.9838366299991,
    "requested_rate": 10.0,
    "achieved_rate": 10.00026939675728
  },
  "successes": {
    "count": 6000,
    "latency": {
      "request_latency": {
        "mean": 4.741816239800472,
        "min": 4.308830467998632,
        "p0.1": 4.4073078056256385,
        "p1": 4.571679144769987,
        "p5": 4.6593102015009205,
        "p10": 4.686187244898974,
        "p25": 4.7185660652494334,
        "median": 4.74238075699941,
        "p75": 4.771890765750868,
        "p90": 4.803023623398985,
        "p95": 4.81528067960262,
        "p99": 4.852977009429996,
        "p99.9": 4.89546506128876,
        "max": 4.899396119999437
      },
      "normalized_time_per_output_token": {
        "mean": 0.02547878477743885,
        "min": 0.0,
        "p0.1": 0.01771562345198546,
        "p1": 0.0184220163580669,
        "p5": 0.01878503094534929,
        "p10": 0.018899618808458193,
        "p25": 0.019031060455642634,
        "median": 0.019148866311246616,
        "p75": 0.019292987913798847,
        "p90": 0.019430368223189203,
        "p95": 0.019529385952113315,
        "p99": 0.11194066124366762,
        "p99.9": 1.5898174457484848,
        "max": 2.3950505949997023
      },
      "time_per_output_token": {
        "mean": 0.0094616284684788,
        "min": 0.008642056579801554,
        "p0.1": 0.008794423462668892,
        "p1": 0.009119429953089554,
        "p5": 0.00929715304939218,
        "p10": 0.009348053471916537,
        "p25": 0.009415815093943637,
        "median": 0.009462228476769096,
        "p75": 0.009520783858585277,
        "p90": 0.009584047462828834,
        "p95": 0.009603135721311381,
        "p99": 0.009679359196041076,
        "p99.9": 0.009755958076594682,
        "max": 0.009762286474745112
      },
      "time_to_first_token": {
        "mean": 0.056679248936140236,
        "min": 0.028689012997347163,
        "p0.1": 0.044105758808542304,
        "p1": 0.046418023171027015,
        "p5": 0.047704574902854804,
        "p10": 0.04894499590227497,
        "p25": 0.05189224199875753,
        "median": 0.05664315750073001,
        "p75": 0.061444729252798425,
        "p90": 0.06432824599833112,
        "p95": 0.06552342410177517,
        "p99": 0.06767325566674118,
        "p99.9": 0.08215572385364456,
        "max": 0.10980696499973419
      },
      "inter_token_latency": {
        "mean": 0.009461629317700325,
        "min": 1.6800004232209176e-06,
        "p0.1": 2.2619969968218356e-06,
        "p1": 4.481000360101461e-06,
        "p5": 6.688998837489635e-06,
        "p10": 8.956998499343172e-06,
        "p25": 2.2694002836942673e-05,
        "median": 3.6871999327559024e-05,
        "p75": 0.018943288249829493,
        "p90": 0.019492313997398016,
        "p95": 0.01992361199900188,
        "p99": 0.021156213220419887,
        "p99.9": 0.025087761451181762,
        "max": 0.06720455100003164
      }
    },
    "throughput": {
      "input_tokens_per_sec": 5891.74259355406,
      "output_tokens_per_sec": 2431.56363461667,
      "total_tokens_per_sec": 8323.30622817073,
      "requests_per_sec": 9.927281998945324
    },
    "prompt_len": {
      "mean": 593.49,
      "min": 577.0,
      "p0.1": 577.0,
      "p1": 579.97,
      "p5": 583.0,
      "p10": 585.0,
      "p25": 588.0,
      "median": 593.0,
      "p75": 598.0,
      "p90": 603.0,
      "p95": 606.0500000000002,
      "p99": 608.0100000000002,
      "p99.9": 609.0,
      "max": 609.0
    },
    "output_len": {
      "mean": 244.9375,
      "min": 0.0,
      "p0.1": 2.9990000000000006,
      "p1": 35.99,
      "p5": 245.0,
      "p10": 246.0,
      "p25": 247.0,
      "median": 248.0,
      "p75": 248.0,
      "p90": 249.0,
      "p95": 249.0,
      "p99": 249.0,
      "p99.9": 249.0,
      "max": 250.0
    }
  },
  "failures": {
    "count": 0,
    "request_latency": null,
    "prompt_len": null
  }
}