{
  "load_summary": {
    "count": 3000,
    "schedule_delay": {
      "mean": 0.0004834399911305809,
      "min": -0.0011093872526544146,
      "p0.1": -0.0009597205193713307,
      "p1": -0.0007388975646608742,
      "p5": -0.0004034464844153263,
      "p10": -0.00021820869733346623,
      "p25": 0.00010123673564521596,
      "median": 0.000467813764771563,
      "p75": 0.000864903889123525,
      "p90": 0.0012088510087778558,
      "p95": 0.0013985970019348309,
      "p99": 0.0017836508007894709,
      "p99.9": 0.002729289709743208,
      "max": 0.004884391713858349
    },
    "send_duration": 599.2221348429994,
    "requested_rate": 5.0,
    "achieved_rate": 5.006490624359232
  },
  "successes": {
    "count": 3000,
    "latency": {
      "request_latency": {
        "mean": 4.332861328276977,
        "min": 4.048991251002008,
        "p0.1": 4.0503868944936405,
        "p1": 4.06491623586131,
        "p5": 4.118194549899454,
        "p10": 4.162652753998191,
        "p25": 4.2470244140013165,
        "median": 4.288035886500438,
        "p75": 4.3834182082482585,
        "p90": 4.445807158200841,
        "p95": 4.5024034168007345,
        "p99": 5.567747649432822,
        "p99.9": 5.793370861957813,
        "max": 6.130936356999882
      },
      "normalized_time_per_output_token": {
        "mean": 0.0221183227737385,
        "min": 0.0,
        "p0.1": 0.016295435348165018,
        "p1": 0.016384919232766103,
        "p5": 0.016625469264737108,
        "p10": 0.016796994244638406,
        "p25": 0.017135483188468928,
        "median": 0.0173487816677642,
        "p75": 0.017720367976813402,
        "p90": 0.018032651052197205,
        "p95": 0.01832382560224073,
        "p99": 0.03153142473580187,
        "p99.9": 0.8598089739723591,
        "max": 2.033633191498666
      },
      "time_per_output_token": {
        "mean": 0.008641149939776436,
        "min": 0.008074014464643434,
        "p0.1": 0.008084567946375664,
        "p1": 0.00811145355506986,
        "p5": 0.008215220137579015,
        "p10": 0.008306736079390212,
        "p25": 0.00847314408181939,
        "median": 0.008555344652525335,
        "p75": 0.008747082467172474,
        "p90": 0.008867271983636793,
        "p95": 0.008981513662826793,
        "p99": 0.010991641226952342,
        "p99.9": 0.01128778507019866,
        "max": 0.012134949416161757
      },
      "time_to_first_token": {
        "mean": 0.05340284098864746,
        "min": 0.03937156000029063,
        "p0.1": 0.0404550757151228,
        "p1": 0.041786982170306144,
        "p5": 0.043129728698295365,
        "p10": 0.044115634000627325,
        "p25": 0.04677284475110355,
        "median": 0.0512156849999883,
        "p75": 0.05550660300104937,
        "p90": 0.05870031809899956,
        "p95": 0.06097614305199386,
        "p99": 0.1062265003091669,
        "p99.9": 0.3997061520445401,
        "max": 0.6856852370001434
      },
      "inter_token_latency": {
        "mean": 0.008641149939776435,
        "min": 1.6509984561707824e-06,
        "p0.1": 2.1939995349384844e-06,
        "p1": 4.450001142686233e-06,
        "p5": 7.1069989644456655e-06,
        "p10": 9.250001312466338e-06,
        "p25": 2.2820000594947487e-05,
        "median": 3.81975005439017e-05,
        "p75": 0.01722766300008516,
        "p90": 0.017812378398957662,
        "p95": 0.018115234097604117,
        "p99": 0.018761953340617765,
        "p99.9": 0.045542102002855245,
        "max": 0.6326253359984548
      }
    },
    "throughput": {
      "input_tokens_per_sec": 2950.629151593471,
      "output_tokens_per_sec": 1218.0329450162478,
      "total_tokens_per_sec": 4168.662096609719,
      "requests_per_sec": 4.971657739125294
    },
    "prompt_len": {
      "mean": 593.49,
      "min": 577.0,
      "p0.1": 577.0,
      "p1": 579.97,
      "p5": 583.0,
      "p10": 585.0,
      "p25": 588.0,
      "median": 593.0,
      "p75": 598.0,
      "p90": 603.0,
      "p95": 606.0499999999997,
      "p99": 608.0099999999998,
      "p99.9": 609.0,
      "max": 609.0
    },
    "output_len": {
      "mean": 244.99533333333332,
      "min": 0.0,
      "p0.1": 4.0,
      "p1": 137.20000000000016,
      "p5": 245.0,
      "p10": 246.0,
      "p25": 247.0,
      "median": 248.0,
      "p75": 248.0,
      "p90": 249.0,
      "p95": 249.0,
      "p99": 249.0,
      "p99.9": 250.0020000000004,
      "max": 261.0
    }
  },
  "failures": {
    "count": 0,
    "request_latency": null,
    "prompt_len": null
  }
}