{
  "load_summary": {
    "count": 9000,
    "schedule_delay": {
      "mean": 0.0004566922763745727,
      "min": -0.0014331095335364807,
      "p0.1": -0.000998921826845617,
      "p1": -0.0007500201122456929,
      "p5": -0.00042330787382525157,
      "p10": -0.00024837741329974955,
      "p25": 7.484568141080672e-05,
      "median": 0.0004480279294512002,
      "p75": 0.0008297625645354856,
      "p90": 0.0011606181287788788,
      "p95": 0.001345796011628407,
      "p99": 0.0017033959889886322,
      "p99.9": 0.002406210941942886,
      "max": 0.005214481196162524
    }
  },
  "successes": {
    "count": 9000,
    "latency": {
      "request_latency": {
        "mean": 4.605497935959306,
        "min": 4.048991251002008,
        "p0.1": 4.055248260291977,
        "p1": 4.096435273470088,
        "p5": 4.190818847150877,
        "p10": 4.258392725098747,
        "p25": 4.38259450275109,
        "median": 4.720233247498982,
        "p75": 4.7576219739994485,
        "p90": 4.795994698698633,
        "p95": 4.812116860301648,
        "p99": 4.895560345320664,
        "p99.9": 5.662543494287242,
        "max": 6.130936356999882
      },
      "normalized_time_per_output_token": {
        "mean": 0.024358630776205405,
        "min": 0.0,
        "p0.1": 0.016319386664269308,
        "p1": 0.016527557066318418,
        "p5": 0.01692539102964401,
        "p10": 0.017178504690730647,
        "p25": 0.017715875750479525,
        "median": 0.019042708920529283,
        "p75": 0.019228655682186197,
        "p90": 0.019398672405895517,
        "p95": 0.019520449882916513,
        "p99": 0.08034542578333043,
        "p99.9": 1.1914926990426722,
        "max": 2.3950505949997023
      },
      "time_per_output_token": {
        "mean": 0.009188135625578013,
        "min": 0.008074014464643434,
        "p0.1": 0.008094279711431862,
        "p1": 0.00816950108501337,
        "p5": 0.008360896461817167,
        "p10": 0.008498622515556171,
        "p25": 0.00874602729898911,
        "median": 0.009418490830303383,
        "p75": 0.009492005713635614,
        "p90": 0.009570375997171858,
        "p95": 0.009598501213533584,
        "p99": 0.00975777714646341,
        "p99.9": 0.011187980833984023,
        "max": 0.012134949416161757
      },
      "time_to_first_token": {
        "mean": 0.055587112953642645,
        "min": 0.028689012997347163,
        "p0.1": 0.04081333330425696,
        "p1": 0.042535370109508225,
        "p5": 0.044999734098200864,
        "p10": 0.04689905049926892,
        "p25": 0.050063612748090236,
        "median": 0.054660335001244675,
        "p75": 0.0597336782475395,
        "p90": 0.06368321539885073,
        "p95": 0.06529944590020023,
        "p99": 0.0781680475201211,
        "p99.9": 0.21442884288470254,
        "max": 0.6856852370001434
      },
      "inter_token_latency": {
        "mean": 0.009188126368948637,
        "min": 1.6509984561707824e-06,
        "p0.1": 2.2380008886102587e-06,
        "p1": 4.4720000005327165e-06,
        "p5": 6.800000846851617e-06,
        "p10": 9.036000847117975e-06,
        "p25": 2.274999860674143e-05,
        "median": 3.7341498682508245e-05,
        "p75": 0.018591856501188886,
        "p90": 0.01926823699977831,
        "p95": 0.019677361150388605,
        "p99": 0.02091253032045643,
        "p99.9": 0.027855507482541727,
        "max": 0.6326253359984548
      }
    },
    "throughput": {
      "input_tokens_per_sec": 4412.298547239954,
      "output_tokens_per_sec": 1821.129984878379,
      "total_tokens_per_sec": 6233.428532118332,
      "requests_per_sec": 7.434495184821907
    },
    "prompt_len": {
      "mean": 593.49,
      "min": 577.0,
      "p0.1": 577.0,
      "p1": 579.97,
      "p5": 583.0,
      "p10": 585.0,
      "p25": 588.0,
      "median": 593.0,
      "p75": 598.0,
      "p90": 603.0,
      "p95": 606.0499999999993,
      "p99": 608.0100000000002,
      "p99.9": 609.0,
      "max": 609.0
    },
    "output_len": {
      "mean": 244.95677777777777,
      "min": 0.0,
      "p0.1": 3.0,
      "p1": 41.949999999999974,
      "p5": 245.0,
      "p10": 246.0,
      "p25": 247.0,
      "median": 248.0,
      "p75": 248.0,
      "p90": 249.0,
      "p95": 249.0,
      "p99": 249.0,
      "p99.9": 249.0010000000002,
      "max": 261.0
    }
  },
  "failures": {
    "count": 0,
    "request_latency": null,
    "prompt_len": null
  }
}