{
  "load_summary": {
    "count": 7200,
    "schedule_delay": {
      "mean": 0.00042428901433191234,
      "min": -0.0012711101662716828,
      "p0.1": -0.0010446644697294687,
      "p1": -0.0007863244322652463,
      "p5": -0.00046858514506311624,
      "p10": -0.00027857880195369944,
      "p25": 4.119235563848633e-05,
      "median": 0.00041979996603913605,
      "p75": 0.0007875187729950994,
      "p90": 0.0011301468752208169,
      "p95": 0.0013262603737530297,
      "p99": 0.0017067494125512896,
      "p99.9": 0.0023099955042926515,
      "max": 0.0029127786692697555
    },
    "send_duration": 1199.9292464289974,
    "requested_rate": 6.0,
    "achieved_rate": 6.000353788714858
  },
  "successes": {
    "count": 7200,
    "latency": {
      "request_latency": {
        "mean": 4.561570997920859,
        "min": 4.1782417809954495,
        "p0.1": 4.203290057453996,
        "p1": 4.271141553686903,
        "p5": 4.34628872045032,
        "p10": 4.390947636096098,
        "p25": 4.46283153350123,
        "median": 4.541869877499266,
        "p75": 4.62355332649895,
        "p90": 4.7031673597055486,
        "p95": 4.7402635486439975,
        "p99": 5.934519238875306,
        "p99.9": 6.758637402029286,
        "max": 7.240648195998801
      },
      "normalized_time_per_output_token": {
        "mean": 0.02044017270860999,
        "min": 0.016575783271652805,
        "p0.1": 0.016677851348318742,
        "p1": 0.01695318830586146,
        "p5": 0.01725990531584639,
        "p10": 0.017437518364683442,
        "p25": 0.017733830430603968,
        "median": 0.018051333668256876,
        "p75": 0.01839905193415441,
        "p90": 0.01873324864337196,
        "p95": 0.018899009756144856,
        "p99": 0.02606690784187444,
        "p99.9": 0.7520219112660584,
        "max": 2.32459399849904
      },
      "time_per_output_token": {
        "mean": 0.008955772876768889,
        "min": 0.008202846630213844,
        "p0.1": 0.008260354124259987,
        "p1": 0.008387986869577221,
        "p5": 0.008530918962630167,
        "p10": 0.00862145499046186,
        "p25": 0.008766011697310677,
        "median": 0.008920815305173455,
        "p75": 0.009079329007446587,
        "p90": 0.009235983862819984,
        "p95": 0.009309607942052087,
        "p99": 0.011593510774833164,
        "p99.9": 0.013023916771042908,
        "max": 0.01406669343539808
      },
      "time_to_first_token": {
        "mean": 0.05475399409082153,
        "min": 0.03593869999895105,
        "p0.1": 0.041402479871474496,
        "p1": 0.043335049933957634,
        "p5": 0.044955293601015,
        "p10": 0.04619180549561861,
        "p25": 0.048865465498238336,
        "median": 0.053484148000279674,
        "p75": 0.058031141250467044,
        "p90": 0.06109883810422616,
        "p95": 0.06273563539980387,
        "p99": 0.09626448944953171,
        "p99.9": 0.2627276729292419,
        "max": 0.8146930189977866
      },
      "inter_token_latency": {
        "mean": 0.008955773409414409,
        "min": 1.6709964256733656e-06,
        "p0.1": 2.3319953470490873e-06,
        "p1": 4.351000825408846e-06,
        "p5": 5.12300175614655e-06,
        "p10": 6.401001883205026e-06,
        "p25": 1.2994998542126268e-05,
        "median": 3.719150117831305e-05,
        "p75": 0.017881941250379896,
        "p90": 0.018534399898635458,
        "p95": 0.01891540934884688,
        "p99": 0.019888771989499218,
        "p99.9": 0.030739950490447785,
        "max": 0.6319539559990517
      }
    },
    "throughput": {
      "input_tokens_per_sec": 4707.808741774645,
      "output_tokens_per_sec": 1494.2493352689253,
      "total_tokens_per_sec": 6202.05807704357,
      "requests_per_sec": 5.978701270937918
    },
    "prompt_len": {
      "mean": 787.43,
      "min": 769.0,
      "p0.1": 769.0,
      "p1": 771.97,
      "p5": 776.0,
      "p10": 778.0,
      "p25": 781.75,
      "median": 787.0,
      "p75": 793.0,
      "p90": 797.0,
      "p95": 799.0999999999985,
      "p99": 806.0200000000004,
      "p99.9": 808.0,
      "max": 808.0
    },
    "output_len": {
      "mean": 249.92875,
      "min": 2.0,
      "p0.1": 6.0,
      "p1": 220.0,
      "p5": 249.0,
      "p10": 250.0,
      "p25": 251.0,
      "median": 252.0,
      "p75": 252.0,
      "p90": 253.0,
      "p95": 253.0,
      "p99": 254.0,
      "p99.9": 254.0,
      "max": 254.0
    }
  },
  "failures": {
    "count": 0,
    "request_latency": null,
    "prompt_len": null
  }
}