{
  "load_summary": {
    "count": 3000,
    "schedule_delay": {
      "mean": 0.0005246920256565014,
      "min": -0.0011481158435344696,
      "p0.1": -0.0010712380511686205,
      "p1": -0.0007423628214746714,
      "p5": -0.0004019009880721569,
      "p10": -0.00022044554352760313,
      "p25": 0.00010591861791908741,
      "median": 0.0005202312022447586,
      "p75": 0.0008907371666282415,
      "p90": 0.0012395069934427734,
      "p95": 0.0014746573753654955,
      "p99": 0.0021456710342317806,
      "p99.9": 0.003509713711217148,
      "max": 0.007649274542927742
    },
    "send_duration": 599.8558955816552,
    "requested_rate": 5.0,
    "achieved_rate": 5.001201158639986
  },
  "successes": {
    "count": 3000,
    "latency": {
      "request_latency": {
        "mean": 3.610361284431691,
        "min": 3.4771450767293572,
        "p0.1": 3.4817351393494755,
        "p1": 3.497373448740691,
        "p5": 3.5133107186760753,
        "p10": 3.5254005885683,
        "p25": 3.565186221152544,
        "median": 3.6089252326637506,
        "p75": 3.639105200301856,
        "p90": 3.652537275571376,
        "p95": 3.6633917757309975,
        "p99": 4.054105423055589,
        "p99.9": 4.260921419475239,
        "max": 4.474804870784283
      },
      "normalized_time_per_output_token": {
        "mean": 0.014478429257365885,
        "min": 0.013523767927083475,
        "p0.1": 0.01377666570694379,
        "p1": 0.013907522272162416,
        "p5": 0.01405038141541021,
        "p10": 0.014132375825181544,
        "p25": 0.014286117683711042,
        "median": 0.014464144764557839,
        "p75": 0.014598129119148037,
        "p90": 0.014703516462337106,
        "p95": 0.014786971605030237,
        "p99": 0.01626137664137163,
        "p99.9": 0.017181134755948544,
        "max": 0.01782790785173021
      },
      "time_per_output_token": {
        "mean": 0.007198684595367128,
        "min": 0.0069371202320914075,
        "p0.1": 0.006945853845673529,
        "p1": 0.006973471322952948,
        "p5": 0.007006537090196754,
        "p10": 0.007030586805759054,
        "p25": 0.007108844412170878,
        "median": 0.007199599028499138,
        "p75": 0.007260347892426782,
        "p90": 0.007283132673062459,
        "p95": 0.007299646598597368,
        "p99": 0.008047344066127381,
        "p99.9": 0.008241732443487184,
        "max": 0.008923841105740042
      },
      "time_to_first_token": {
        "mean": 0.04445823927534123,
        "min": 0.03302849177271128,
        "p0.1": 0.0347680236203596,
        "p1": 0.035789751913398504,
        "p5": 0.03697946066968143,
        "p10": 0.037795812170952556,
        "p25": 0.03999063652008772,
        "median": 0.043691419530659914,
        "p75": 0.04735659225843847,
        "p90": 0.049741067178547385,
        "p95": 0.051139847142621875,
        "p99": 0.06903069022111584,
        "p99.9": 0.10479720788916295,
        "max": 0.2895701192319393
      },
      "inter_token_latency": {
        "mean": 0.007198682271920888,
        "min": 1.7955899238586426e-06,
        "p0.1": 2.5471672415733337e-06,
        "p1": 5.002133548259735e-06,
        "p5": 5.7015568017959595e-06,
        "p10": 6.419606506824493e-06,
        "p25": 1.0446645319461823e-05,
        "median": 9.839516133069992e-05,
        "p75": 0.014437898993492126,
        "p90": 0.014755280688405037,
        "p95": 0.014932300383225083,
        "p99": 0.015341722462326289,
        "p99.9": 0.03192238183505837,
        "max": 0.2683949563652277
      }
    },
    "throughput": {
      "input_tokens_per_sec": 2950.459994794024,
      "output_tokens_per_sec": 1239.9751871431067,
      "total_tokens_per_sec": 4190.43518193713,
      "requests_per_sec": 4.972378102691447
    },
    "prompt_len": {
      "mean": 593.37,
      "min": 578.0,
      "p0.1": 578.0,
      "p1": 580.97,
      "p5": 584.0,
      "p10": 585.9000000000001,
      "p25": 589.0,
      "median": 593.0,
      "p75": 598.0,
      "p90": 602.0,
      "p95": 603.0,
      "p99": 603.0199999999995,
      "p99.9": 605.0,
      "max": 605.0
    },
    "output_len": {
      "mean": 249.37266666666667,
      "min": 243.0,
      "p0.1": 244.0,
      "p1": 246.0,
      "p5": 247.0,
      "p10": 247.0,
      "p25": 248.0,
      "median": 249.0,
      "p75": 250.0,
      "p90": 252.0,
      "p95": 252.0,
      "p99": 255.0,
      "p99.9": 257.0010000000002,
      "max": 261.0
    }
  },
  "failures": {
    "count": 0,
    "request_latency": null,
    "prompt_len": null
  }
}