{
  "load_summary": {
    "count": 6000,
    "schedule_delay": {
      "mean": 0.00041252844765161473,
      "min": -0.0012334669008851051,
      "p0.1": -0.0010553809106349946,
      "p1": -0.0008125031646341085,
      "p5": -0.0004749688319861889,
      "p10": -0.0002877345308661461,
      "p25": 3.437441773712635e-05,
      "median": 0.0004127523861825466,
      "p75": 0.0007825007196515799,
      "p90": 0.0011043777689337731,
      "p95": 0.001286377152428031,
      "p99": 0.0016245882213115697,
      "p99.9": 0.0023614607527852713,
      "max": 0.006126668304204941
    },
    "send_duration": 599.9146246723831,
    "requested_rate": 10.0,
    "achieved_rate": 10.0014231246265
  },
  "successes": {
    "count": 6000,
    "latency": {
      "request_latency": {
        "mean": 3.779106249452879,
        "min": 3.530130222439766,
        "p0.1": 3.6077711024163293,
        "p1": 3.6606669787690045,
        "p5": 3.6811038059648125,
        "p10": 3.698029969539493,
        "p25": 3.743562515359372,
        "median": 3.7884298297576606,
        "p75": 3.8180177498143166,
        "p90": 3.8393582820892336,
        "p95": 3.8537648861762137,
        "p99": 3.8818717834725978,
        "p99.9": 3.900265371983873,
        "max": 3.904467741958797
      },
      "normalized_time_per_output_token": {
        "mean": 0.015154717188441021,
        "min": 0.014120520889759064,
        "p0.1": 0.014373549246610981,
        "p1": 0.014595417085203873,
        "p5": 0.014741999106000506,
        "p10": 0.014822732112182671,
        "p25": 0.014996173422935064,
        "median": 0.015182627945299822,
        "p75": 0.015325054266207252,
        "p90": 0.015434908607014151,
        "p95": 0.015497706775833106,
        "p99": 0.015630186585881892,
        "p99.9": 0.015794085588335536,
        "max": 0.015868192626768914
      },
      "time_per_output_token": {
        "mean": 0.007537449848894451,
        "min": 0.007076186007547258,
        "p0.1": 0.007209370397100921,
        "p1": 0.007303294193733371,
        "p5": 0.007339679187238969,
        "p10": 0.0073760700662328735,
        "p25": 0.007466446493065568,
        "median": 0.007556169702097623,
        "p75": 0.0076164469132293956,
        "p90": 0.007659421960073154,
        "p95": 0.00769178328348907,
        "p99": 0.007740931400107315,
        "p99.9": 0.007775456691089303,
        "max": 0.007778381960786352
      },
      "time_to_first_token": {
        "mean": 0.046141645326744765,
        "min": 0.02508287038654089,
        "p0.1": 0.036736324205994604,
        "p1": 0.03792012564837933,
        "p5": 0.039128811284899714,
        "p10": 0.04003933658823371,
        "p25": 0.04232494183816016,
        "median": 0.04617752181366086,
        "p75": 0.049887113738805056,
        "p90": 0.05213494198396802,
        "p95": 0.05326684066094458,
        "p99": 0.05488287404179573,
        "p99.9": 0.05923089183866998,
        "max": 0.07169577851891518
      },
      "inter_token_latency": {
        "mean": 0.0075374413317438466,
        "min": 1.734122633934021e-06,
        "p0.1": 2.609565854072571e-06,
        "p1": 5.161389708518982e-06,
        "p5": 5.7229772210121155e-06,
        "p10": 6.309710443019867e-06,
        "p25": 9.31229442358017e-06,
        "median": 7.257610559463501e-05,
        "p75": 0.015150109305977821,
        "p90": 0.015530809015035629,
        "p95": 0.01575025743804872,
        "p99": 0.016227352255955337,
        "p99.9": 0.020324626259505783,
        "max": 0.05187696125358343
      }
    },
    "throughput": {
      "input_tokens_per_sec": 5898.72149275326,
      "output_tokens_per_sec": 2479.1009808097087,
      "total_tokens_per_sec": 8377.822473562968,
      "requests_per_sec": 9.941051102605895
    },
    "prompt_len": {
      "mean": 593.37,
      "min": 578.0,
      "p0.1": 578.0,
      "p1": 580.97,
      "p5": 584.0,
      "p10": 585.9,
      "p25": 589.0,
      "median": 593.0,
      "p75": 598.0,
      "p90": 602.0,
      "p95": 603.0,
      "p99": 603.0200000000004,
      "p99.9": 605.0,
      "max": 605.0
    },
    "output_len": {
      "mean": 249.38016666666667,
      "min": 242.0,
      "p0.1": 244.0,
      "p1": 246.0,
      "p5": 247.0,
      "p10": 247.0,
      "p25": 248.0,
      "median": 249.0,
      "p75": 250.0,
      "p90": 252.0,
      "p95": 252.0,
      "p99": 254.0,
      "p99.9": 257.0,
      "max": 258.0
    }
  },
  "failures": {
    "count": 0,
    "request_latency": null,
    "prompt_len": null
  }
}