{
  "load_summary": {
    "count": 9000,
    "schedule_delay": {
      "mean": 0.00044991630698657697,
      "min": -0.0012334669008851051,
      "p0.1": -0.0010711975619196892,
      "p1": -0.0008017153479158879,
      "p5": -0.0004591302946209907,
      "p10": -0.00026681749150156967,
      "p25": 5.719950422644615e-05,
      "median": 0.0004468248225748539,
      "p75": 0.0008175049442797899,
      "p90": 0.0011502861976623536,
      "p95": 0.0013487892225384711,
      "p99": 0.0017960724141448745,
      "p99.9": 0.0032506734980270267,
      "max": 0.007649274542927742
    }
  },
  "successes": {
    "count": 9000,
    "latency": {
      "request_latency": {
        "mean": 3.72285792777915,
        "min": 3.4771450767293572,
        "p0.1": 3.4867115300642326,
        "p1": 3.5069811858516187,
        "p5": 3.5395862778183074,
        "p10": 3.575337222870439,
        "p25": 3.6387920873239636,
        "median": 3.748141619376838,
        "p75": 3.8033214460592717,
        "p90": 3.833373219706118,
        "p95": 3.850422666454688,
        "p99": 3.898930551502854,
        "p99.9": 4.141823821875268,
        "max": 4.474804870784283
      },
      "normalized_time_per_output_token": {
        "mean": 0.014929287878082644,
        "min": 0.013523767927083475,
        "p0.1": 0.013821817191975515,
        "p1": 0.01400852879806327,
        "p5": 0.014191584437833782,
        "p10": 0.014328618988162841,
        "p25": 0.014587215809936983,
        "median": 0.015011936056679682,
        "p75": 0.015259493868005083,
        "p90": 0.01540492174204394,
        "p95": 0.01548135424665287,
        "p99": 0.01572398085302363,
        "p99.9": 0.016593767893897708,
        "max": 0.01782790785173021
      },
      "time_per_output_token": {
        "mean": 0.007424528097718678,
        "min": 0.0069371202320914075,
        "p0.1": 0.0069552906065012765,
        "p1": 0.006998022097341641,
        "p5": 0.007057584894237795,
        "p10": 0.007128974521589098,
        "p25": 0.007259794327929014,
        "median": 0.0074737477887685255,
        "p75": 0.007584987444840748,
        "p90": 0.0076463150065580405,
        "p95": 0.007683631972400378,
        "p99": 0.007770977440280746,
        "p99.9": 0.008194069416264093,
        "max": 0.008923841105740042
      },
      "time_to_first_token": {
        "mean": 0.04558050997627692,
        "min": 0.02508287038654089,
        "p0.1": 0.035214151195250454,
        "p1": 0.03647306711412966,
        "p5": 0.03809299846179783,
        "p10": 0.039198534283787015,
        "p25": 0.041559495497494936,
        "median": 0.04529930651187897,
        "p75": 0.04908636678010225,
        "p90": 0.05169195467606187,
        "p95": 0.053143182769417756,
        "p99": 0.059388056043535475,
        "p99.9": 0.08552571686543572,
        "max": 0.2895701192319393
      },
      "inter_token_latency": {
        "mean": 0.007424517183929284,
        "min": 1.734122633934021e-06,
        "p0.1": 2.5890767574310303e-06,
        "p1": 5.107372999191284e-06,
        "p5": 5.717389285564423e-06,
        "p10": 6.342306733131409e-06,
        "p25": 9.641051292419434e-06,
        "median": 7.997872307896614e-05,
        "p75": 0.01491351518779993,
        "p90": 0.015392848849296571,
        "p95": 0.015635767159983514,
        "p99": 0.016130206612870096,
        "p99.9": 0.02093165748473287,
        "max": 0.2683949563652277
      }
    },
    "throughput": {
      "input_tokens_per_sec": 4415.400561981309,
      "output_tokens_per_sec": 1855.675699050487,
      "total_tokens_per_sec": 6271.076261031796,
      "requests_per_sec": 7.441226489342752
    },
    "prompt_len": {
      "mean": 593.37,
      "min": 578.0,
      "p0.1": 578.0,
      "p1": 580.97,
      "p5": 584.0,
      "p10": 585.9000000000001,
      "p25": 589.0,
      "median": 593.0,
      "p75": 598.0,
      "p90": 602.0,
      "p95": 603.0,
      "p99": 603.0200000000004,
      "p99.9": 605.0,
      "max": 605.0
    },
    "output_len": {
      "mean": 249.37766666666667,
      "min": 242.0,
      "p0.1": 244.0,
      "p1": 246.0,
      "p5": 247.0,
      "p10": 247.0,
      "p25": 248.0,
      "median": 249.0,
      "p75": 250.0,
      "p90": 252.0,
      "p95": 252.0,
      "p99": 254.0,
      "p99.9": 257.0,
      "max": 261.0
    }
  },
  "failures": {
    "count": 0,
    "request_latency": null,
    "prompt_len": null
  }
}