{
  "pre_queueing": {
    "train": {
      "mape": 92.68279044234566,
      "rmse": 12274.01532127548,
      "mae": 4611.319101149468,
      "n": 95391
    },
    "validate": {
      "mape": 93.78248049736337,
      "rmse": 14079.188080204458,
      "mae": 4768.198510220865,
      "n": 20446
    },
    "test": {
      "mape": 95.75795786827938,
      "rmse": 16453.1232629122,
      "mae": 4785.096700327287,
      "n": 20615
    }
  },
  "post_decode": {
    "train": {
      "mape": 53.45196385557441,
      "rmse": 1227.3752766515995,
      "mae": 921.8425549233822,
      "n": 95391
    },
    "validate": {
      "mape": 54.12046961479439,
      "rmse": 1238.5276960891124,
      "mae": 934.8685275213659,
      "n": 20446
    },
    "test": {
      "mape": 54.749289351063815,
      "rmse": 1183.955915934944,
      "mae": 933.2831178277352,
      "n": 20615
    }
  },
  "gpu_prefill": {
    "train": {
      "mape": 22.461945922928482,
      "rmse": 18008.9528644447,
      "mae": 7967.303350067105,
      "n": 95396
    },
    "validate": {
      "mape": 22.444040803479577,
      "rmse": 16084.887621918035,
      "mae": 7918.32102654269,
      "n": 20446
    },
    "test": {
      "mape": 22.376370600041923,
      "rmse": 17855.83488055669,
      "mae": 7930.6946328573,
      "n": 20616
    }
  },
  "gpu_decode": {
    "train": {
      "mape": 7.067953611560104,
      "rmse": 496251.6872618279,
      "mae": 342787.04944412626,
      "n": 95396
    },
    "validate": {
      "mape": 7.060353635556795,
      "rmse": 494893.32834796235,
      "mae": 342659.77365779656,
      "n": 20446
    },
    "test": {
      "mape": 7.112178621232407,
      "rmse": 496148.51442500745,
      "mae": 341931.7973045079,
      "n": 20616
    }
  },
  "gpu_combined": {
    "train": {
      "mape": 6.986720891566317,
      "rmse": 496294.8490163694,
      "mae": 342145.6612654097,
      "n": 95396
    },
    "validate": {
      "mape": 6.980078642710147,
      "rmse": 494112.3060372177,
      "mae": 341991.14997734193,
      "n": 20446
    },
    "test": {
      "mape": 7.0316661492373855,
      "rmse": 496329.9621072462,
      "mae": 341332.13215048,
      "n": 20616
    }
  }
}