{
  "alpha_0_us": 9315.338771116985,
  "alpha_0_mse": 150651452.10690522,
  "alpha_1_us": 1849.5902371340574,
  "alpha_2_us_per_token": 1.7079389122469397,
  "alpha_12_mse": 1506450.0697355904,
  "betas": [
    0.7726491335309499,
    1.127489556719325,
    1.0559901872766853,
    0.0,
    43.500541908701074,
    48.80613214319187,
    0.0
  ],
  "lambda": 0,
  "train_mse": 123295029746.74242,
  "val_mse": 122589065026.56691
}