{
  "load_summary": {
    "count": 4800,
    "schedule_delay": {
      "mean": 0.0004961465580466514,
      "min": -0.0012862570583820343,
      "p0.1": -0.0010127783864736558,
      "p1": -0.0007216334622353316,
      "p5": -0.0003944719210267067,
      "p10": -0.00022416133433580398,
      "p25": 0.0001043111551553011,
      "median": 0.00047479989007115364,
      "p75": 0.0008630268275737762,
      "p90": 0.0012152367271482944,
      "p95": 0.0014260144438594583,
      "p99": 0.0019049467891454717,
      "p99.9": 0.0033062934027986027,
      "max": 0.008252115920186043
    },
    "send_duration": 599.6118562417105,
    "requested_rate": 8.0,
    "achieved_rate": 8.005178600179422
  },
  "successes": {
    "count": 4800,
    "latency": {
      "request_latency": {
        "mean": 4.795965222046943,
        "min": 4.322720115073025,
        "p0.1": 4.486246102903969,
        "p1": 4.545354757932946,
        "p5": 4.637198095303029,
        "p10": 4.672313502058387,
        "p25": 4.701245866250247,
        "median": 4.742835994344205,
        "p75": 4.790739756310359,
        "p90": 4.8291387227363884,
        "p95": 4.845627774856984,
        "p99": 7.300831228913769,
        "p99.9": 10.971293748040722,
        "max": 11.325093973428011
      },
      "normalized_time_per_output_token": {
        "mean": 0.02070083376680569,
        "min": 0.0172908804602921,
        "p0.1": 0.017944433218467785,
        "p1": 0.01823172424311706,
        "p5": 0.018607576597189267,
        "p10": 0.018741066737529864,
        "p25": 0.018910216577410602,
        "median": 0.019102079608025534,
        "p75": 0.019336536508238897,
        "p90": 0.019595305320896098,
        "p95": 0.020128279899868633,
        "p99": 0.0452291950008422,
        "p99.9": 0.25217256177275466,
        "max": 1.1847786924336106
      },
      "time_per_output_token": {
        "mean": 0.009517080688992752,
        "min": 0.00858100337469182,
        "p0.1": 0.008925040746536817,
        "p1": 0.009032226061182362,
        "p5": 0.009216420834797848,
        "p10": 0.009287839970913092,
        "p25": 0.009339861517914494,
        "median": 0.009424564343365565,
        "p75": 0.009523689006670739,
        "p90": 0.009599162030860153,
        "p95": 0.00963108774538806,
        "p99": 0.014492414784645835,
        "p99.9": 0.02028737093059635,
        "max": 0.020892060147316167
      },
      "time_to_first_token": {
        "mean": 0.06389182570371,
        "min": 0.03139778412878513,
        "p0.1": 0.04314063108712435,
        "p1": 0.04515715537592769,
        "p5": 0.046655916562303903,
        "p10": 0.04785286989063024,
        "p25": 0.050926712807267904,
        "median": 0.05577650247141719,
        "p75": 0.06072453781962395,
        "p90": 0.06383050605654716,
        "p95": 0.0654792670160532,
        "p99": 0.38307668406516676,
        "p99.9": 0.9962428832324223,
        "max": 1.2096488643437624
      },
      "inter_token_latency": {
        "mean": 0.009517062911631678,
        "min": 1.821666955947876e-06,
        "p0.1": 2.666376531124115e-06,
        "p1": 5.409121513366699e-06,
        "p5": 6.536953151226044e-06,
        "p10": 7.634982466697693e-06,
        "p25": 1.1923722922801971e-05,
        "median": 9.58186574280262e-05,
        "p75": 0.01894714147783816,
        "p90": 0.019563289266079663,
        "p95": 0.019822545815259215,
        "p99": 0.020558150634169596,
        "p99.9": 0.029375239658169464,
        "max": 0.9468837128952146
      }
    },
    "throughput": {
      "input_tokens_per_sec": 4535.6965923768175,
      "output_tokens_per_sec": 1948.896529654341,
      "total_tokens_per_sec": 6484.593122031159,
      "requests_per_sec": 7.947880760455628
    },
    "prompt_len": {
      "mean": 570.68,
      "min": 557.0,
      "p0.1": 557.0,
      "p1": 557.99,
      "p5": 560.0,
      "p10": 561.9000000000001,
      "p25": 566.0,
      "median": 570.0,
      "p75": 576.0,
      "p90": 580.0,
      "p95": 583.0,
      "p99": 589.0700000000015,
      "p99.9": 596.0,
      "max": 596.0
    },
    "output_len": {
      "mean": 245.20958333333334,
      "min": 4.0,
      "p0.1": 18.799,
      "p1": 113.0,
      "p5": 242.0,
      "p10": 245.0,
      "p25": 247.0,
      "median": 249.0,
      "p75": 250.0,
      "p90": 250.0,
      "p95": 251.0,
      "p99": 253.0,
      "p99.9": 254.0,
      "max": 256.0
    }
  },
  "failures": {
    "count": 0,
    "request_latency": null,
    "prompt_len": null
  }
}