{
  "load_summary": {
    "count": 12000,
    "schedule_delay": {
      "mean": 0.0004399881359034528,
      "min": -0.0015029078349471092,
      "p0.1": -0.0010255372459068894,
      "p1": -0.0007630718871951103,
      "p5": -0.0004415275063365698,
      "p10": -0.000261716078966856,
      "p25": 6.0596270486712456e-05,
      "median": 0.00042906496673822403,
      "p75": 0.0007981716189533472,
      "p90": 0.00112655907869339,
      "p95": 0.00133040277287364,
      "p99": 0.0017142963409423838,
      "p99.9": 0.003235111831687511,
      "max": 0.02116111945360899
    },
    "send_duration": 599.9674891168252,
    "requested_rate": 20.0,
    "achieved_rate": 20.001083754828873
  },
  "successes": {
    "count": 12000,
    "latency": {
      "request_latency": {
        "mean": 5.1357075030155634,
        "min": 4.620713457465172,
        "p0.1": 4.80393273098208,
        "p1": 4.97923672423698,
        "p5": 5.006166731659323,
        "p10": 5.029016665183008,
        "p25": 5.0668138863984495,
        "median": 5.1247885674238205,
        "p75": 5.1854967889375985,
        "p90": 5.251034655235708,
        "p95": 5.294548061210662,
        "p99": 5.4739585721213375,
        "p99.9": 5.782689986714164,
        "max": 5.978943518362939
      },
      "normalized_time_per_output_token": {
        "mean": 0.02197607265703422,
        "min": 0.018557082158494664,
        "p0.1": 0.01934089153930621,
        "p1": 0.0199245577230061,
        "p5": 0.020103505920331242,
        "p10": 0.02020359664130146,
        "p25": 0.020392829784650273,
        "median": 0.020655364414016084,
        "p75": 0.020943492589134173,
        "p90": 0.021306361489572167,
        "p95": 0.0217781193570557,
        "p99": 0.0412320226210068,
        "p99.9": 0.27029695339345866,
        "max": 1.2710073792841285
      },
      "time_per_output_token": {
        "mean": 0.010189809699260453,
        "min": 0.009259989310872987,
        "p0.1": 0.00956040610920383,
        "p1": 0.009890678935258891,
        "p5": 0.00994359185512532,
        "p10": 0.009984058882081712,
        "p25": 0.010059527698965603,
        "median": 0.010172856228357844,
        "p75": 0.0102932997974539,
        "p90": 0.010426417240119676,
        "p95": 0.010504240842191296,
        "p99": 0.010664043433222192,
        "p99.9": 0.01082096781461415,
        "max": 0.010834159574123344
      },
      "time_to_first_token": {
        "mean": 0.07095464423345402,
        "min": 0.015753724612295628,
        "p0.1": 0.04574039338156581,
        "p1": 0.05073641489259899,
        "p5": 0.05275775631889701,
        "p10": 0.054228699300438166,
        "p25": 0.05792319658212364,
        "median": 0.0637083207257092,
        "p75": 0.06957529298961163,
        "p90": 0.09877880150452258,
        "p95": 0.10972828259691596,
        "p99": 0.25602910839952564,
        "p99.9": 0.5065800261050583,
        "max": 0.7162311468273401
      },
      "inter_token_latency": {
        "mean": 0.010189763067947883,
        "min": 1.8673017621040344e-06,
        "p0.1": 2.68593430519104e-06,
        "p1": 5.4817646741867065e-06,
        "p5": 6.687827408313751e-06,
        "p10": 7.805414497852325e-06,
        "p25": 1.1359341442584991e-05,
        "median": 6.153015419840813e-05,
        "p75": 0.0204321863129735,
        "p90": 0.021059575956314802,
        "p95": 0.02144414302892983,
        "p99": 0.022562039084732533,
        "p99.9": 0.029480421226471952,
        "max": 0.08723545260727406
      }
    },
    "throughput": {
      "input_tokens_per_sec": 11324.727615413209,
      "output_tokens_per_sec": 4870.779211918719,
      "total_tokens_per_sec": 16195.506827331927,
      "requests_per_sec": 19.84426931978203
    },
    "prompt_len": {
      "mean": 570.68,
      "min": 557.0,
      "p0.1": 557.0,
      "p1": 557.99,
      "p5": 560.0,
      "p10": 561.9000000000001,
      "p25": 566.0,
      "median": 570.0,
      "p75": 576.0,
      "p90": 580.0,
      "p95": 583.0,
      "p99": 589.0700000000015,
      "p99.9": 596.0,
      "max": 596.0
    },
    "output_len": {
      "mean": 245.45016666666666,
      "min": 4.0,
      "p0.1": 18.997,
      "p1": 125.98000000000002,
      "p5": 243.0,
      "p10": 245.0,
      "p25": 247.0,
      "median": 249.0,
      "p75": 250.0,
      "p90": 250.0,
      "p95": 251.0,
      "p99": 252.0,
      "p99.9": 254.0,
      "max": 265.0
    }
  },
  "failures": {
    "count": 0,
    "request_latency": null,
    "prompt_len": null
  }
}