{
  "load_summary": {
    "count": 16800,
    "schedule_delay": {
      "mean": 0.00045603339937293815,
      "min": -0.0015029078349471092,
      "p0.1": -0.0010201462898403405,
      "p1": -0.0007592463586479425,
      "p5": -0.0004290706943720579,
      "p10": -0.0002508502453565597,
      "p25": 7.292116060853004e-05,
      "median": 0.0004401896148920059,
      "p75": 0.0008177817799150944,
      "p90": 0.0011504300870001317,
      "p95": 0.0013618116732686757,
      "p99": 0.0017653174512088279,
      "p99.9": 0.0032816895050928148,
      "max": 0.02116111945360899
    }
  },
  "successes": {
    "count": 16800,
    "latency": {
      "request_latency": {
        "mean": 5.038638279881672,
        "min": 4.322720115073025,
        "p0.1": 4.524293812729418,
        "p1": 4.611077723475173,
        "p5": 4.689923490351066,
        "p10": 4.717537686694413,
        "p25": 4.8199602058157325,
        "median": 5.080104114487767,
        "p75": 5.160792745649815,
        "p90": 5.2289313355460765,
        "p95": 5.281762156076729,
        "p99": 5.523625176185737,
        "p99.9": 9.741662067823134,
        "max": 11.325093973428011
      },
      "normalized_time_per_output_token": {
        "mean": 0.0216117186883975,
        "min": 0.0172908804602921,
        "p0.1": 0.018072542167685484,
        "p1": 0.018520554098180465,
        "p5": 0.018839723551092317,
        "p10": 0.01899085276344993,
        "p25": 0.01951388156958235,
        "median": 0.02046417785292521,
        "p75": 0.02083002121473876,
        "p90": 0.02121311890789866,
        "p95": 0.021690735422435343,
        "p99": 0.043525585806114625,
        "p99.9": 0.266180070884231,
        "max": 1.2710073792841285
      },
      "time_per_output_token": {
        "mean": 0.00999760141061254,
        "min": 0.00858100337469182,
        "p0.1": 0.008989494445645653,
        "p1": 0.009163889347217692,
        "p5": 0.009321364512296029,
        "p10": 0.009372158528078848,
        "p25": 0.009581352258944355,
        "median": 0.010084498995986263,
        "p75": 0.010246440548059985,
        "p90": 0.01037570325902353,
        "p95": 0.010475298257949246,
        "p99": 0.010672271245288507,
        "p99.9": 0.018393671332918467,
        "max": 0.020892060147316167
      },
      "time_to_first_token": {
        "mean": 0.06893669608209858,
        "min": 0.015753724612295628,
        "p0.1": 0.04374642646312714,
        "p1": 0.046145157041028145,
        "p5": 0.04928292762488127,
        "p10": 0.05172534491866827,
        "p25": 0.055625294568017125,
        "median": 0.06114808935672045,
        "p75": 0.0674520917236805,
        "p90": 0.07578027602285146,
        "p95": 0.10671100197359919,
        "p99": 0.26236633852124147,
        "p99.9": 0.9027156515065747,
        "max": 1.2096488643437624
      },
      "inter_token_latency": {
        "mean": 0.00999752643690138,
        "min": 1.821666955947876e-06,
        "p0.1": 2.6812776923179626e-06,
        "p1": 5.459412932395935e-06,
        "p5": 6.642192602157593e-06,
        "p10": 7.757917046546936e-06,
        "p25": 1.1499039828777313e-05,
        "median": 6.998609751462936e-05,
        "p75": 0.020103487418964505,
        "p90": 0.020873594377189875,
        "p95": 0.021275972947478294,
        "p99": 0.022335036257281896,
        "p99.9": 0.029441624302417105,
        "max": 0.9468837128952146
      }
    },
    "throughput": {
      "input_tokens_per_sec": 7913.986871429832,
      "output_tokens_per_sec": 3402.862206853197,
      "total_tokens_per_sec": 11316.849078283029,
      "requests_per_sec": 13.867643638168206
    },
    "prompt_len": {
      "mean": 570.68,
      "min": 557.0,
      "p0.1": 557.0,
      "p1": 557.99,
      "p5": 560.0,
      "p10": 561.9000000000001,
      "p25": 566.0,
      "median": 570.0,
      "p75": 576.0,
      "p90": 580.0,
      "p95": 583.0,
      "p99": 589.0699999999888,
      "p99.9": 596.0,
      "max": 596.0
    },
    "output_len": {
      "mean": 245.38142857142856,
      "min": 4.0,
      "p0.1": 18.799,
      "p1": 120.99000000000001,
      "p5": 242.0,
      "p10": 245.0,
      "p25": 247.0,
      "median": 249.0,
      "p75": 250.0,
      "p90": 250.0,
      "p95": 251.0,
      "p99": 253.0,
      "p99.9": 254.0,
      "max": 265.0
    }
  },
  "failures": {
    "count": 0,
    "request_latency": null,
    "prompt_len": null
  }
}