{
  "load_summary": {
    "count": 4800,
    "schedule_delay": {
      "mean": 0.0004618449235567823,
      "min": -0.0012719212099909782,
      "p0.1": -0.001000042554922402,
      "p1": -0.0007800358813256026,
      "p5": -0.0004549633711576462,
      "p10": -0.00025480277836322787,
      "p25": 5.1429495215415955e-05,
      "median": 0.0004365965723991394,
      "p75": 0.000821276567876339,
      "p90": 0.0011963672004640102,
      "p95": 0.0013848348055034876,
      "p99": 0.0018573557399213364,
      "p99.9": 0.0045195888280885575,
      "max": 0.011058979667723179
    },
    "send_duration": 1199.9094654228538,
    "requested_rate": 4.0,
    "achieved_rate": 4.0003018046936205
  },
  "successes": {
    "count": 4796,
    "latency": {
      "request_latency": {
        "mean": 158.99051355263836,
        "min": 29.28696289472282,
        "p0.1": 29.507163866693155,
        "p1": 33.759412376442924,
        "p5": 39.84934697416611,
        "p10": 46.57111357850954,
        "p25": 88.8945469262544,
        "median": 151.9011044013314,
        "p75": 232.90420770086348,
        "p90": 278.0630846172571,
        "p95": 290.71386754885316,
        "p99": 297.7062588629313,
        "p99.9": 299.7623646372417,
        "max": 300.3734499802813
      },
      "normalized_time_per_output_token": {
        "mean": 0.10962800229371263,
        "min": 0.020197905444636427,
        "p0.1": 0.020336887066439033,
        "p1": 0.02323715879052961,
        "p5": 0.027453594665457347,
        "p10": 0.03211740657842565,
        "p25": 0.061210834902348486,
        "median": 0.10461587652382334,
        "p75": 0.16061388173102384,
        "p90": 0.19154640408168988,
        "p95": 0.2005444722449416,
        "p99": 0.20528252125527782,
        "p99.9": 0.20690164594228996,
        "max": 0.20729933744708065
      },
      "time_per_output_token": {
        "mean": 0.013402532677978564,
        "min": 0.00989630064275405,
        "p0.1": 0.010036299675768951,
        "p1": 0.010788024364185297,
        "p5": 0.012446146240113672,
        "p10": 0.012910675719408668,
        "p25": 0.013205887133597653,
        "median": 0.01349225251129703,
        "p75": 0.01376933497718572,
        "p90": 0.013941871334793809,
        "p95": 0.014082782836916557,
        "p99": 0.014169785354179058,
        "p99.9": 0.014209241605620005,
        "max": 0.014214690880445538
      },
      "time_to_first_token": {
        "mean": 120.1708707241025,
        "min": 0.055944932624697685,
        "p0.1": 0.06227157884743065,
        "p1": 0.08833742905408144,
        "p5": 3.4220823324285448,
        "p10": 8.797293537296355,
        "p25": 49.544725911226124,
        "median": 112.41060185525566,
        "p75": 194.00549740879796,
        "p90": 239.65377695811912,
        "p95": 251.92613116069697,
        "p99": 261.2288663331419,
        "p99.9": 264.2206849893789,
        "max": 264.6631044112146
      },
      "inter_token_latency": {
        "mean": 0.01340249932064048,
        "min": 1.5124678611755371e-06,
        "p0.1": 4.527159035205841e-06,
        "p1": 5.812384188175201e-06,
        "p5": 6.946735084056854e-06,
        "p10": 8.0866739153862e-06,
        "p25": 1.1523254215717316e-05,
        "median": 0.0001432560384273529,
        "p75": 0.02702003181912005,
        "p90": 0.028384975809603932,
        "p95": 0.0291319643612951,
        "p99": 0.03175331675447522,
        "p99.9": 0.049801168298349754,
        "max": 0.27736268658190966
      }
    },
    "throughput": {
      "input_tokens_per_sec": 3483.174690768132,
      "output_tokens_per_sec": 4672.614778375255,
      "total_tokens_per_sec": 8155.789469143387,
      "requests_per_sec": 3.2220402841060296
    },
    "prompt_len": {
      "mean": 1081.0462885738116,
      "min": 1066.0,
      "p0.1": 1066.0,
      "p1": 1066.95,
      "p5": 1068.0,
      "p10": 1070.5,
      "p25": 1076.0,
      "median": 1080.0,
      "p75": 1086.0,
      "p90": 1092.0,
      "p95": 1093.5,
      "p99": 1101.4000000000015,
      "p99.9": 1109.0,
      "max": 1109.0
    },
    "output_len": {
      "mean": 1450.2037114261884,
      "min": 754.0,
      "p0.1": 1439.795,
      "p1": 1442.0,
      "p5": 1445.0,
      "p10": 1446.0,
      "p25": 1448.0,
      "median": 1450.0,
      "p75": 1453.0,
      "p90": 1455.0,
      "p95": 1457.0,
      "p99": 1460.0,
      "p99.9": 1464.0,
      "max": 1470.0
    }
  },
  "failures": {
    "count": 4,
    "request_latency": {
      "mean": 300.26559604215436,
      "min": 300.0777016840875,
      "p0.1": 300.07806825939474,
      "p1": 300.08136743715966,
      "p5": 300.09603044944816,
      "p10": 300.1143592148088,
      "p25": 300.1693455108907,
      "median": 300.2582027395256,
      "p75": 300.35445327078924,
      "p90": 300.42274751160295,
      "p95": 300.4455122585408,
      "p99": 300.46372405609117,
      "p99.9": 300.46782171053997,
      "max": 300.46827700547874
    },
    "prompt_len": {
      "mean": 0.0,
      "min": 0.0,
      "p0.1": 0.0,
      "p1": 0.0,
      "p5": 0.0,
      "p10": 0.0,
      "p25": 0.0,
      "median": 0.0,
      "p75": 0.0,
      "p90": 0.0,
      "p95": 0.0,
      "p99": 0.0,
      "p99.9": 0.0,
      "max": 0.0
    }
  }
}