{
  "load_summary": {
    "count": 4800,
    "schedule_delay": {
      "mean": 0.0004460795565197865,
      "min": -0.001162183005362749,
      "p0.1": -0.0010377203384414316,
      "p1": -0.0007539901649579406,
      "p5": -0.00044505842961370943,
      "p10": -0.0002784587442874908,
      "p25": 5.529948975890875e-05,
      "median": 0.0004477014299482107,
      "p75": 0.00080247747246176,
      "p90": 0.0011535725556313992,
      "p95": 0.0013363844482228164,
      "p99": 0.0017652214644476773,
      "p99.9": 0.004675643951167282,
      "max": 0.012204830534756184
    },
    "send_duration": 599.9594687959179,
    "requested_rate": 8.0,
    "achieved_rate": 8.000540452563083
  },
  "successes": {
    "count": 4800,
    "latency": {
      "request_latency": {
        "mean": 3.694383387553874,
        "min": 3.511055584065616,
        "p0.1": 3.534547287647147,
        "p1": 3.5998324448848145,
        "p5": 3.622521939803846,
        "p10": 3.634650931553915,
        "p25": 3.654663602472283,
        "median": 3.675057925283909,
        "p75": 3.70939792227,
        "p90": 3.7489949401468037,
        "p95": 3.7693663279060274,
        "p99": 4.315834447569214,
        "p99.9": 4.534309503261934,
        "max": 4.632084719836712
      },
      "normalized_time_per_output_token": {
        "mean": 0.014752032308630368,
        "min": 0.013903940573202173,
        "p0.1": 0.014055800497745866,
        "p1": 0.014264306054369265,
        "p5": 0.014405381657434227,
        "p10": 0.014468295157700777,
        "p25": 0.014569997939004736,
        "median": 0.014687940888817471,
        "p75": 0.014839102522364908,
        "p90": 0.015001270932365343,
        "p95": 0.01509798308918627,
        "p99": 0.01726435751336668,
        "p99.9": 0.01820352259463166,
        "max": 0.018454520796162197
      },
      "time_per_output_token": {
        "mean": 0.007337292953201421,
        "min": 0.006969686535747358,
        "p0.1": 0.007023290460450496,
        "p1": 0.007150968558368624,
        "p5": 0.007197727003533925,
        "p10": 0.007219139429303992,
        "p25": 0.007259391766590566,
        "median": 0.0072991345475954365,
        "p75": 0.007369960398952921,
        "p90": 0.007446274573032105,
        "p95": 0.007486928426857355,
        "p99": 0.008512181588926427,
        "p99.9": 0.008970587208329273,
        "max": 0.009162176100600893
      },
      "time_to_first_token": {
        "mean": 0.04601839426992228,
        "min": 0.032326582819223404,
        "p0.1": 0.03613968202052638,
        "p1": 0.03736777222715318,
        "p5": 0.03827474906574935,
        "p10": 0.039194815000519155,
        "p25": 0.04148594837170094,
        "median": 0.04534977022558451,
        "p75": 0.04911563766654581,
        "p90": 0.0515400389675051,
        "p95": 0.05286108336877078,
        "p99": 0.07343629669398076,
        "p99.9": 0.12104710306833055,
        "max": 0.3919590963050723
      },
      "inter_token_latency": {
        "mean": 0.007337287943292427,
        "min": 1.8081627786159515e-06,
        "p0.1": 2.569984644651413e-06,
        "p1": 5.086883902549744e-06,
        "p5": 5.65405935049057e-06,
        "p10": 6.244052201509476e-06,
        "p25": 9.777024388313293e-06,
        "median": 3.826245665550232e-05,
        "p75": 0.01467622525524348,
        "p90": 0.015103656006976962,
        "p95": 0.015374047472141683,
        "p99": 0.016204220638610423,
        "p99.9": 0.031758644874207875,
        "max": 0.2668933202512562
      }
    },
    "throughput": {
      "input_tokens_per_sec": 4566.739671108586,
      "output_tokens_per_sec": 1991.7041054727842,
      "total_tokens_per_sec": 6558.44377658137,
      "requests_per_sec": 7.952667301317542
    },
    "prompt_len": {
      "mean": 574.24,
      "min": 562.0,
      "p0.1": 562.0,
      "p1": 562.0,
      "p5": 564.9000000000001,
      "p10": 567.0,
      "p25": 570.0,
      "median": 575.0,
      "p75": 578.25,
      "p90": 582.0,
      "p95": 583.0500000000002,
      "p99": 587.0300000000007,
      "p99.9": 590.0,
      "max": 590.0
    },
    "output_len": {
      "mean": 250.44479166666667,
      "min": 240.0,
      "p0.1": 245.0,
      "p1": 247.0,
      "p5": 248.0,
      "p10": 248.0,
      "p25": 249.0,
      "median": 250.0,
      "p75": 251.0,
      "p90": 253.0,
      "p95": 254.0,
      "p99": 256.0,
      "p99.9": 258.0,
      "max": 259.0
    }
  },
  "failures": {
    "count": 0,
    "request_latency": null,
    "prompt_len": null
  }
}