{
  "load_summary": {
    "count": 12000,
    "schedule_delay": {
      "mean": 0.00037544039299245926,
      "min": -0.0020180894061923027,
      "p0.1": -0.0010205341782420873,
      "p1": -0.0008066092990338802,
      "p5": -0.0004998058546334505,
      "p10": -0.0003135100472718477,
      "p25": 1.1563417501747608e-05,
      "median": 0.00037159561179578304,
      "p75": 0.0007357290014624596,
      "p90": 0.0010638543870300056,
      "p95": 0.001243323064409196,
      "p99": 0.0015578825073316695,
      "p99.9": 0.001944822313264101,
      "max": 0.005743366200476885
    },
    "send_duration": 599.9007876790129,
    "requested_rate": 20.0,
    "achieved_rate": 20.00330762429471
  },
  "successes": {
    "count": 12000,
    "latency": {
      "request_latency": {
        "mean": 4.251790426213683,
        "min": 3.715850747656077,
        "p0.1": 3.8043126682983712,
        "p1": 4.034410009691491,
        "p5": 4.1085854458389806,
        "p10": 4.1443012254312634,
        "p25": 4.200608525192365,
        "median": 4.256137552205473,
        "p75": 4.311693069059402,
        "p90": 4.355852672411129,
        "p95": 4.380017617112026,
        "p99": 4.422159197400324,
        "p99.9": 4.461679633872587,
        "max": 4.520743254106492
      },
      "normalized_time_per_output_token": {
        "mean": 0.01697677849577709,
        "min": 0.014745439474825702,
        "p0.1": 0.015156649468568465,
        "p1": 0.016050430350989343,
        "p5": 0.01638040923476219,
        "p10": 0.016521279260834854,
        "p25": 0.0167527675395548,
        "median": 0.016993900216450114,
        "p75": 0.01722668723183285,
        "p90": 0.017416985238414937,
        "p95": 0.017524208015322895,
        "p99": 0.017713345318828226,
        "p99.9": 0.01792193201699248,
        "max": 0.018140216544270515
      },
      "time_per_output_token": {
        "mean": 0.008443465204509407,
        "min": 0.007385933794216131,
        "p0.1": 0.007553690144199114,
        "p1": 0.008013610113946199,
        "p5": 0.008162808838821348,
        "p10": 0.0082297393680181,
        "p25": 0.008341045136201819,
        "median": 0.00845085011731451,
        "p75": 0.008561785173343807,
        "p90": 0.008650915159598383,
        "p95": 0.008706460781318067,
        "p99": 0.008778042420042187,
        "p99.9": 0.008860343595969532,
        "max": 0.008892128684406189
      },
      "time_to_first_token": {
        "mean": 0.05381842507685845,
        "min": 0.025624840054661036,
        "p0.1": 0.03858309060893953,
        "p1": 0.043332718038000165,
        "p5": 0.04509809641167521,
        "p10": 0.046229249658063055,
        "p25": 0.0490324676502496,
        "median": 0.05350972106680274,
        "p75": 0.05789835739415139,
        "p90": 0.060800040420144794,
        "p95": 0.06247347611933946,
        "p99": 0.07296909193973991,
        "p99.9": 0.10360612115263954,
        "max": 0.3441334292292595
      },
      "inter_token_latency": {
        "mean": 0.008443447735598325,
        "min": 1.86823308467865e-06,
        "p0.1": 2.651941031217575e-06,
        "p1": 5.276873707771301e-06,
        "p5": 5.875248461961746e-06,
        "p10": 6.4801424741744995e-06,
        "p25": 8.959323167800903e-06,
        "median": 3.5214005038142204e-05,
        "p75": 0.01679544965736568,
        "p90": 0.01767623024061322,
        "p95": 0.018394943000748752,
        "p99": 0.02054545263294131,
        "p99.9": 0.029386735060252776,
        "max": 0.08464586175978184
      }
    },
    "throughput": {
      "input_tokens_per_sec": 11415.987501539268,
      "output_tokens_per_sec": 4979.175206027937,
      "total_tokens_per_sec": 16395.162707567204,
      "requests_per_sec": 19.880167702596943
    },
    "prompt_len": {
      "mean": 574.24,
      "min": 562.0,
      "p0.1": 562.0,
      "p1": 562.0,
      "p5": 564.9000000000001,
      "p10": 567.0,
      "p25": 570.0,
      "median": 575.0,
      "p75": 578.25,
      "p90": 582.0,
      "p95": 583.0499999999993,
      "p99": 587.0300000000007,
      "p99.9": 590.0,
      "max": 590.0
    },
    "output_len": {
      "mean": 250.45941666666667,
      "min": 244.0,
      "p0.1": 245.0,
      "p1": 247.0,
      "p5": 248.0,
      "p10": 248.0,
      "p25": 249.0,
      "median": 250.0,
      "p75": 251.0,
      "p90": 253.0,
      "p95": 254.0,
      "p99": 255.0,
      "p99.9": 258.0,
      "max": 260.0
    }
  },
  "failures": {
    "count": 0,
    "request_latency": null,
    "prompt_len": null
  }
}