{
  "load_summary": {
    "count": 16800,
    "schedule_delay": {
      "mean": 0.0003956230111431242,
      "min": -0.0020180894061923027,
      "p0.1": -0.00102956861583516,
      "p1": -0.0007901035249233245,
      "p5": -0.00048565925098955633,
      "p10": -0.0003040705341845751,
      "p25": 2.7104862965643406e-05,
      "median": 0.000394411850720644,
      "p75": 0.0007530408911406994,
      "p90": 0.0010881162248551845,
      "p95": 0.0012717690085992212,
      "p99": 0.0016140970773994901,
      "p99.9": 0.0025482458453625796,
      "max": 0.012204830534756184
    }
  },
  "successes": {
    "count": 16800,
    "latency": {
      "request_latency": {
        "mean": 4.09253127231088,
        "min": 3.511055584065616,
        "p0.1": 3.5734290768709034,
        "p1": 3.61606971884612,
        "p5": 3.6454484360525385,
        "p10": 3.663519550813362,
        "p25": 3.740884170634672,
        "median": 4.213628790806979,
        "p75": 4.290056112920865,
        "p90": 4.342167901201174,
        "p95": 4.369042237149552,
        "p99": 4.417688438091426,
        "p99.9": 4.47982020184258,
        "max": 4.632084719836712
      },
      "normalized_time_per_output_token": {
        "mean": 0.016341136728020886,
        "min": 0.013903940573202173,
        "p0.1": 0.014181463359211647,
        "p1": 0.014369004550593065,
        "p5": 0.014524944318242607,
        "p10": 0.01462152042049205,
        "p25": 0.014962461597286165,
        "median": 0.01681352614889662,
        "p75": 0.017130861308493797,
        "p90": 0.01736271189653041,
        "p95": 0.017477597066167982,
        "p99": 0.01769040968445926,
        "p99.9": 0.017993058638282065,
        "max": 0.018454520796162197
      },
      "time_per_output_token": {
        "mean": 0.00812741598984998,
        "min": 0.006969686535747358,
        "p0.1": 0.0070971619287867405,
        "p1": 0.007186577144665437,
        "p5": 0.0072432148663357085,
        "p10": 0.007276894994758414,
        "p25": 0.0074330390535456165,
        "median": 0.008367529161877826,
        "p75": 0.008518195234640112,
        "p90": 0.008620720692878397,
        "p95": 0.008677423834216068,
        "p99": 0.008771429786906471,
        "p99.9": 0.00888332063654884,
        "max": 0.009162176100600893
      },
      "time_to_first_token": {
        "mean": 0.05158984484630526,
        "min": 0.025624840054661036,
        "p0.1": 0.03678113049082458,
        "p1": 0.03789019507821649,
        "p5": 0.0402990065747872,
        "p10": 0.042775719752535225,
        "p25": 0.046600288595072925,
        "median": 0.050915339728817344,
        "p75": 0.056248941691592336,
        "p90": 0.06013312754221261,
        "p95": 0.06191304845269769,
        "p99": 0.07311637797858563,
        "p99.9": 0.10813576938398252,
        "max": 0.3919590963050723
      },
      "inter_token_latency": {
        "mean": 0.008127407304822974,
        "min": 1.8081627786159515e-06,
        "p0.1": 2.629123628139496e-06,
        "p1": 5.20702451467514e-06,
        "p5": 5.809124559164047e-06,
        "p10": 6.4158812165260315e-06,
        "p25": 9.126029908657074e-06,
        "median": 3.640912473201752e-05,
        "p75": 0.01636302238330245,
        "p90": 0.017384945368394255,
        "p95": 0.01804986782371998,
        "p99": 0.020130879119969903,
        "p99.9": 0.029967819822023352,
        "max": 0.2668933202512562
      }
    },
    "throughput": {
      "input_tokens_per_sec": 7975.254509123665,
      "output_tokens_per_sec": 3478.41367190145,
      "total_tokens_per_sec": 11453.668181025116,
      "requests_per_sec": 13.888364636952607
    },
    "prompt_len": {
      "mean": 574.24,
      "min": 562.0,
      "p0.1": 562.0,
      "p1": 562.0,
      "p5": 564.9000000000001,
      "p10": 567.0,
      "p25": 570.0,
      "median": 575.0,
      "p75": 578.25,
      "p90": 582.0,
      "p95": 583.0499999999993,
      "p99": 587.0299999999952,
      "p99.9": 590.0,
      "max": 590.0
    },
    "output_len": {
      "mean": 250.4552380952381,
      "min": 240.0,
      "p0.1": 245.0,
      "p1": 247.0,
      "p5": 248.0,
      "p10": 248.0,
      "p25": 249.0,
      "median": 250.0,
      "p75": 251.0,
      "p90": 253.0,
      "p95": 254.0,
      "p99": 255.0,
      "p99.9": 258.0,
      "max": 260.0
    }
  },
  "failures": {
    "count": 0,
    "request_latency": null,
    "prompt_len": null
  }
}