{
  "load_summary": {
    "count": 4800,
    "schedule_delay": {
      "mean": 0.00044399025704478846,
      "min": -0.001197637990117073,
      "p0.1": -0.0010701095489785075,
      "p1": -0.0007782638398930431,
      "p5": -0.00044741628225892783,
      "p10": -0.0002551902085542679,
      "p25": 5.4828240536153316e-05,
      "median": 0.0004407747182995081,
      "p75": 0.000818829401396215,
      "p90": 0.00114807290956378,
      "p95": 0.001335360435768962,
      "p99": 0.0016471210867166524,
      "p99.9": 0.0027901476677511467,
      "max": 0.0065649948082864285
    },
    "send_duration": 599.9520579739474,
    "requested_rate": 8.0,
    "achieved_rate": 8.000639278094514
  },
  "successes": {
    "count": 4800,
    "latency": {
      "request_latency": {
        "mean": 2.057600319076931,
        "min": 1.6938653010874987,
        "p0.1": 1.7132553733694367,
        "p1": 1.768523732670583,
        "p5": 1.8572188389021904,
        "p10": 1.8989704773761331,
        "p25": 1.9708815683843568,
        "median": 2.05034263827838,
        "p75": 2.138277129852213,
        "p90": 2.2263920655008405,
        "p95": 2.2880401865113527,
        "p99": 2.401783210481517,
        "p99.9": 2.4397169202137747,
        "max": 2.445596144068986
      },
      "normalized_time_per_output_token": {
        "mean": 0.02887117903986838,
        "min": 0.0,
        "p0.1": 0.0,
        "p1": 0.007006324359777956,
        "p5": 0.007496182157388742,
        "p10": 0.007697547439327789,
        "p25": 0.00801185324551132,
        "median": 0.008472412062392406,
        "p75": 0.009494609092611626,
        "p90": 0.03332806228825289,
        "p95": 0.12634390901657758,
        "p99": 0.4394156826902187,
        "p99.9": 1.037390043077996,
        "max": 1.1338549335487187
      },
      "time_per_output_token": {
        "mean": 0.004081660576212077,
        "min": 0.0033489474792490663,
        "p0.1": 0.0034003327841265222,
        "p1": 0.003508621959907698,
        "p5": 0.0036807793834372246,
        "p10": 0.0037650979414462324,
        "p25": 0.00390813958065648,
        "median": 0.004068402350473572,
        "p75": 0.004244013605601861,
        "p90": 0.004417781817391365,
        "p95": 0.004540277668696564,
        "p99": 0.0047670043011381474,
        "p99.9": 0.004842634131935178,
        "max": 0.00485688362315567
      },
      "time_to_first_token": {
        "mean": 0.027109092157625126,
        "min": 0.0191549533046782,
        "p0.1": 0.019937541250605137,
        "p1": 0.020940957730636,
        "p5": 0.02227162579074502,
        "p10": 0.023080414114519953,
        "p25": 0.024687013472430408,
        "median": 0.02680251025594771,
        "p75": 0.029142572195269167,
        "p90": 0.031205402640625837,
        "p95": 0.03259754264727235,
        "p99": 0.03658436377532784,
        "p99.9": 0.051472665397450594,
        "max": 0.07437915774062276
      },
      "inter_token_latency": {
        "mean": 0.004081660576212077,
        "min": 1.537613570690155e-06,
        "p0.1": 2.5572250597178937e-06,
        "p1": 4.449859261512756e-06,
        "p5": 4.9853697419166565e-06,
        "p10": 5.204230546951294e-06,
        "p25": 6.088055670261383e-06,
        "median": 3.1247036531567574e-05,
        "p75": 0.008166851243004203,
        "p90": 0.008714419603347779,
        "p95": 0.009040374006144701,
        "p99": 0.009816468283534049,
        "p99.9": 0.01283168349042537,
        "max": 0.04693993926048279
      }
    },
    "throughput": {
      "input_tokens_per_sec": 4591.005927480229,
      "output_tokens_per_sec": 1675.6234206861652,
      "total_tokens_per_sec": 6266.629348166394,
      "requests_per_sec": 7.9781143930493155
    },
    "prompt_len": {
      "mean": 575.45,
      "min": 559.0,
      "p0.1": 559.0,
      "p1": 559.0,
      "p5": 565.0,
      "p10": 567.0,
      "p25": 570.0,
      "median": 575.0,
      "p75": 580.0,
      "p90": 586.1000000000004,
      "p95": 588.0500000000002,
      "p99": 590.0200000000004,
      "p99.9": 592.0,
      "max": 592.0
    },
    "output_len": {
      "mean": 210.0275,
      "min": 0.0,
      "p0.1": 0.0,
      "p1": 3.0,
      "p5": 14.0,
      "p10": 60.0,
      "p25": 225.0,
      "median": 249.0,
      "p75": 249.0,
      "p90": 250.0,
      "p95": 250.0,
      "p99": 250.0,
      "p99.9": 250.0,
      "max": 251.0
    }
  },
  "failures": {
    "count": 0,
    "request_latency": null,
    "prompt_len": null
  }
}