{
  "load_summary": {
    "count": 12000,
    "schedule_delay": {
      "mean": 0.00038407298650903007,
      "min": -0.0012808018364012241,
      "p0.1": -0.001099709435366094,
      "p1": -0.0008088496793061495,
      "p5": -0.0004943355917930602,
      "p10": -0.00030909460037946695,
      "p25": 1.689954660832882e-05,
      "median": 0.00037224101833999157,
      "p75": 0.00074336351826787,
      "p90": 0.0010612860787659886,
      "p95": 0.0012563297292217611,
      "p99": 0.0016238279407843948,
      "p99.9": 0.0031972323074006166,
      "max": 0.013360100332647562
    },
    "send_duration": 599.830715327058,
    "requested_rate": 20.0,
    "achieved_rate": 20.005644414952965
  },
  "successes": {
    "count": 12000,
    "latency": {
      "request_latency": {
        "mean": 4.158149913927346,
        "min": 2.248875964898616,
        "p0.1": 2.534803478831891,
        "p1": 3.202638498004526,
        "p5": 3.537262654188089,
        "p10": 3.6838645925279705,
        "p25": 3.8923649116186425,
        "median": 4.122968933777884,
        "p75": 4.385703823645599,
        "p90": 4.71380596794188,
        "p95": 4.870582306711003,
        "p99": 5.240501823788509,
        "p99.9": 5.41944400110189,
        "max": 5.7253184779547155
      },
      "normalized_time_per_output_token": {
        "mean": 0.05555131092942461,
        "min": 0.0,
        "p0.1": 0.0,
        "p1": 0.012705197108135256,
        "p5": 0.014431611828722928,
        "p10": 0.01504686128601701,
        "p25": 0.01600302351698519,
        "median": 0.017285100830509423,
        "p75": 0.020634301564959157,
        "p90": 0.06883659962943058,
        "p95": 0.24103068146710827,
        "p99": 0.855771174872295,
        "p99.9": 2.1026595380458133,
        "max": 2.520831170026213
      },
      "time_per_output_token": {
        "mean": 0.00825866509920191,
        "min": 0.004487516460621681,
        "p0.1": 0.005043473279105511,
        "p1": 0.006360478949352679,
        "p5": 0.007016931638174074,
        "p10": 0.0073129636963540825,
        "p25": 0.0077293346927855425,
        "median": 0.0081875626128017,
        "p75": 0.008714654736344514,
        "p90": 0.009368263714772535,
        "p95": 0.009679269760058182,
        "p99": 0.010410075185556242,
        "p99.9": 0.010759881386583979,
        "max": 0.01076668449087252
      },
      "time_to_first_token": {
        "mean": 0.05185435933243328,
        "min": 0.01644519390538335,
        "p0.1": 0.024924869388807565,
        "p1": 0.037076456425711515,
        "p5": 0.04087479994632304,
        "p10": 0.042773521644994615,
        "p25": 0.04638087109196931,
        "median": 0.05109161208383739,
        "p75": 0.05625407223124057,
        "p90": 0.06100993119180202,
        "p95": 0.06459100127685816,
        "p99": 0.07247767525259408,
        "p99.9": 0.10725382389687316,
        "max": 0.490417349152267
      },
      "inter_token_latency": {
        "mean": 0.00825866509920191,
        "min": 1.6740523278713226e-06,
        "p0.1": 2.689659595489502e-06,
        "p1": 5.087815225124359e-06,
        "p5": 5.645677447319031e-06,
        "p10": 6.252899765968323e-06,
        "p25": 8.743256330490112e-06,
        "median": 3.612297587096691e-05,
        "p75": 0.016411811113357544,
        "p90": 0.018065232317894697,
        "p95": 0.01907410135027021,
        "p99": 0.02128187113907188,
        "p99.9": 0.03471797654451849,
        "max": 0.07488609058782458
      }
    },
    "throughput": {
      "input_tokens_per_sec": 11462.257131329743,
      "output_tokens_per_sec": 4155.978663960036,
      "total_tokens_per_sec": 15618.235795289778,
      "requests_per_sec": 19.918771624519493
    },
    "prompt_len": {
      "mean": 575.45,
      "min": 559.0,
      "p0.1": 559.0,
      "p1": 559.0,
      "p5": 565.0,
      "p10": 567.0,
      "p25": 570.0,
      "median": 575.0,
      "p75": 580.0,
      "p90": 586.1000000000004,
      "p95": 588.0499999999993,
      "p99": 590.0200000000004,
      "p99.9": 592.0,
      "max": 592.0
    },
    "output_len": {
      "mean": 208.64633333333333,
      "min": 0.0,
      "p0.1": 0.0,
      "p1": 4.0,
      "p5": 15.0,
      "p10": 59.0,
      "p25": 214.0,
      "median": 249.0,
      "p75": 249.0,
      "p90": 250.0,
      "p95": 250.0,
      "p99": 250.0,
      "p99.9": 250.0,
      "max": 252.0
    }
  },
  "failures": {
    "count": 0,
    "request_latency": null,
    "prompt_len": null
  }
}