{
  "load_summary": {
    "count": 16800,
    "schedule_delay": {
      "mean": 0.0004011922066621039,
      "min": -0.0012808018364012241,
      "p0.1": -0.001098889843095094,
      "p1": -0.0008007742138579488,
      "p5": -0.0004822172923013568,
      "p10": -0.00029216678813099857,
      "p25": 2.68472358584404e-05,
      "median": 0.0003899156581610441,
      "p75": 0.0007653423817828298,
      "p90": 0.0010860056150704621,
      "p95": 0.0012789246393367648,
      "p99": 0.0016300301859155293,
      "p99.9": 0.003166893245652353,
      "max": 0.013360100332647562
    }
  },
  "successes": {
    "count": 16800,
    "latency": {
      "request_latency": {
        "mean": 3.5579928868272277,
        "min": 1.6938653010874987,
        "p0.1": 1.7290986847891472,
        "p1": 1.8408368510520086,
        "p5": 1.9372998855542392,
        "p10": 2.001148282177746,
        "p25": 2.2087799219880253,
        "median": 3.950774956960231,
        "p75": 4.284031123504974,
        "p90": 4.567571857385338,
        "p95": 4.8184318019077175,
        "p99": 5.189894506935961,
        "p99.9": 5.4132256601932465,
        "max": 5.7253184779547155
      },
      "normalized_time_per_output_token": {
        "mean": 0.047928416103837114,
        "min": 0.0,
        "p0.1": 0.0,
        "p1": 0.007337211231137626,
        "p5": 0.007869386278026188,
        "p10": 0.008167737234057428,
        "p25": 0.013426358707580254,
        "median": 0.016497558449620323,
        "p75": 0.019333695051831842,
        "p90": 0.062044073205458676,
        "p95": 0.1973193077434021,
        "p99": 0.761419592364686,
        "p99.9": 2.053507620130903,
        "max": 2.520831170026213
      },
      "time_per_output_token": {
        "mean": 0.007065235235490529,
        "min": 0.0033489474792490663,
        "p0.1": 0.0034273707654778763,
        "p1": 0.003651275321526427,
        "p5": 0.0038429423232077503,
        "p10": 0.003969152389802563,
        "p25": 0.004382824076909265,
        "median": 0.007847491506078623,
        "p75": 0.008509380752276967,
        "p90": 0.009074476892709493,
        "p95": 0.009573949487613781,
        "p99": 0.010314928254448026,
        "p99.9": 0.01075718338753451,
        "max": 0.01076668449087252
      },
      "time_to_first_token": {
        "mean": 0.04478428299677381,
        "min": 0.01644519390538335,
        "p0.1": 0.020477447357960046,
        "p1": 0.021947952788323163,
        "p5": 0.023979378095827997,
        "p10": 0.025581630505621435,
        "p25": 0.03070030256640166,
        "median": 0.04745352570898831,
        "p75": 0.05402131599839777,
        "p90": 0.059412661008536816,
        "p95": 0.06298101698048413,
        "p99": 0.07097596854437138,
        "p99.9": 0.09095159398531952,
        "max": 0.490417349152267
      },
      "inter_token_latency": {
        "mean": 0.007065235235490529,
        "min": 1.537613570690155e-06,
        "p0.1": 2.651941031217575e-06,
        "p1": 4.741363227367401e-06,
        "p5": 5.296897143125534e-06,
        "p10": 5.745794624090195e-06,
        "p25": 7.949769496917725e-06,
        "median": 3.5214005038142204e-05,
        "p75": 0.015544813359156251,
        "p90": 0.017512954259291294,
        "p95": 0.018601344223134218,
        "p99": 0.020870059891603884,
        "p99.9": 0.03110823987517542,
        "max": 0.07488609058782458
      }
    },
    "throughput": {
      "input_tokens_per_sec": 8012.38431284346,
      "output_tokens_per_sec": 2910.620292986358,
      "total_tokens_per_sec": 10923.004605829818,
      "requests_per_sec": 13.92368461698403
    },
    "prompt_len": {
      "mean": 575.45,
      "min": 559.0,
      "p0.1": 559.0,
      "p1": 559.0,
      "p5": 565.0,
      "p10": 567.0,
      "p25": 570.0,
      "median": 575.0,
      "p75": 580.0,
      "p90": 586.1000000000004,
      "p95": 588.0499999999993,
      "p99": 590.0199999999968,
      "p99.9": 592.0,
      "max": 592.0
    },
    "output_len": {
      "mean": 209.04095238095238,
      "min": 0.0,
      "p0.1": 0.0,
      "p1": 3.0,
      "p5": 15.0,
      "p10": 59.0,
      "p25": 218.0,
      "median": 249.0,
      "p75": 249.0,
      "p90": 250.0,
      "p95": 250.0,
      "p99": 250.0,
      "p99.9": 250.0,
      "max": 252.0
    }
  },
  "failures": {
    "count": 0,
    "request_latency": null,
    "prompt_len": null
  }
}