{
  "load_summary": {
    "count": 12000,
    "schedule_delay": {
      "mean": 0.00044855379156979325,
      "min": -0.0017430773878004402,
      "p0.1": -0.0009954232407617383,
      "p1": -0.0007549881831801031,
      "p5": -0.0004487659825826995,
      "p10": -0.00025673046256997624,
      "p25": 7.244264270411804e-05,
      "median": 0.0004440589964360697,
      "p75": 0.0008238543896368355,
      "p90": 0.0011491060169646517,
      "p95": 0.0013387103024797397,
      "p99": 0.0017020894656525347,
      "p99.9": 0.0024808742320096932,
      "max": 0.006803343847423093
    },
    "send_duration": 599.9929533139984,
    "requested_rate": 20.0,
    "achieved_rate": 20.000234892292074
  },
  "successes": {
    "count": 12000,
    "latency": {
      "request_latency": {
        "mean": 5.577487774526996,
        "min": 4.455979746999219,
        "p0.1": 4.802006678838061,
        "p1": 5.257665226650351,
        "p5": 5.34043674694949,
        "p10": 5.381902074298705,
        "p25": 5.436207354748149,
        "median": 5.51477870349845,
        "p75": 5.620331730500766,
        "p90": 5.839427950401296,
        "p95": 6.15913295344726,
        "p99": 6.656087232600185,
        "p99.9": 7.043108492657558,
        "max": 7.09159792599894
      },
      "normalized_time_per_output_token": {
        "mean": 0.028380948456026678,
        "min": 0.0,
        "p0.1": 0.01780609506900889,
        "p1": 0.0210209119601581,
        "p5": 0.02146001032204853,
        "p10": 0.02162148926653513,
        "p25": 0.021854695526002617,
        "median": 0.02220239980722755,
        "p75": 0.022650298795961483,
        "p90": 0.02386890204698322,
        "p95": 0.025098791677704003,
        "p99": 0.11846177277044058,
        "p99.9": 1.3569942379524842,
        "max": 2.77962058599951
      },
      "time_per_output_token": {
        "mean": 0.010974597088715773,
        "min": 0.008902478746475637,
        "p0.1": 0.009552367001135025,
        "p1": 0.01045252357420439,
        "p5": 0.010611727386215351,
        "p10": 0.010692078956132355,
        "p25": 0.010802303617201027,
        "median": 0.010955076275656707,
        "p75": 0.011148006990443833,
        "p90": 0.011328555282496792,
        "p95": 0.011383928719110382,
        "p99": 0.011437653616877822,
        "p99.9": 0.011449148761504293,
        "max": 0.01146322097183089
      },
      "time_to_first_token": {
        "mean": 0.12127457165792051,
        "min": 0.02949793299922021,
        "p0.1": 0.048515837998344066,
        "p1": 0.05389851583757263,
        "p5": 0.055952019100550386,
        "p10": 0.05773976870041224,
        "p25": 0.06183879599939246,
        "median": 0.06826230750084505,
        "p75": 0.0751006745003906,
        "p90": 0.2500621164006589,
        "p95": 0.5211920395986445,
        "p99": 0.9868155430514893,
        "p99.9": 1.3977002267810168,
        "max": 1.4494072109991976
      },
      "inter_token_latency": {
        "mean": 0.010974597088715772,
        "min": 1.748998329276219e-06,
        "p0.1": 2.3989996407181025e-06,
        "p1": 4.917998012388125e-06,
        "p5": 7.246999302878976e-06,
        "p10": 9.37400182010606e-06,
        "p25": 1.9915998564101756e-05,
        "median": 3.713649857672863e-05,
        "p75": 0.02177021775059984,
        "p90": 0.023027383998851292,
        "p95": 0.024022215048717044,
        "p99": 0.02667705304971605,
        "p99.9": 0.033451441034394555,
        "max": 0.07368877300177701
      }
    },
    "throughput": {
      "input_tokens_per_sec": 11408.00426788424,
      "output_tokens_per_sec": 4875.304114708648,
      "total_tokens_per_sec": 16283.308382592888,
      "requests_per_sec": 19.843113301011012
    },
    "prompt_len": {
      "mean": 574.91,
      "min": 559.0,
      "p0.1": 559.0,
      "p1": 559.99,
      "p5": 564.95,
      "p10": 567.0,
      "p25": 571.0,
      "median": 575.0,
      "p75": 579.0,
      "p90": 584.0,
      "p95": 586.0499999999993,
      "p99": 589.0,
      "p99.9": 589.0,
      "max": 589.0
    },
    "output_len": {
      "mean": 245.6925,
      "min": 0.0,
      "p0.1": 1.998000000000001,
      "p1": 35.0,
      "p5": 246.0,
      "p10": 247.0,
      "p25": 248.0,
      "median": 249.0,
      "p75": 249.0,
      "p90": 250.0,
      "p95": 250.0,
      "p99": 250.0,
      "p99.9": 251.0,
      "max": 272.0
    }
  },
  "failures": {
    "count": 0,
    "request_latency": null,
    "prompt_len": null
  }
}