{
  "load_summary": {
    "count": 4800,
    "schedule_delay": {
      "mean": 0.0005036837425185088,
      "min": -0.0011911932597286068,
      "p0.1": -0.0009633814519620501,
      "p1": -0.0007015643208069378,
      "p5": -0.00039337786147370936,
      "p10": -0.00019707880492205728,
      "p25": 0.00011369981530151563,
      "median": 0.00048768241322250105,
      "p75": 0.0008625467780802865,
      "p90": 0.0012041122354276015,
      "p95": 0.0014015889591973976,
      "p99": 0.0017743173684357334,
      "p99.9": 0.004589771137209692,
      "max": 0.01974370048264973
    },
    "send_duration": 599.9047035800031,
    "requested_rate": 8.0,
    "achieved_rate": 8.001270820774408
  },
  "successes": {
    "count": 4800,
    "latency": {
      "request_latency": {
        "mean": 4.678398947471131,
        "min": 4.27367373800007,
        "p0.1": 4.327281100927201,
        "p1": 4.397622090830264,
        "p5": 4.479615682250005,
        "p10": 4.514131484299651,
        "p25": 4.5829962159996285,
        "median": 4.665900461499405,
        "p75": 4.720589888500399,
        "p90": 4.753533944999799,
        "p95": 4.7712647464002655,
        "p99": 6.450333886108685,
        "p99.9": 7.436814107034759,
        "max": 7.737904184003128
      },
      "normalized_time_per_output_token": {
        "mean": 0.02399396065832149,
        "min": 0.0,
        "p0.1": 0.01733319757280794,
        "p1": 0.01771418841033434,
        "p5": 0.01799290142223091,
        "p10": 0.018135655126614116,
        "p25": 0.018423901753759662,
        "median": 0.018766623981851048,
        "p75": 0.01898388365863508,
        "p90": 0.019156083666480472,
        "p95": 0.019297745736289063,
        "p99": 0.07538210601510593,
        "p99.9": 1.2010839208622284,
        "max": 2.3769418019983277
      },
      "time_per_output_token": {
        "mean": 0.009294447156996911,
        "min": 0.008480274295777804,
        "p0.1": 0.008599255924188533,
        "p1": 0.008747339869675873,
        "p5": 0.008904043984810019,
        "p10": 0.008974136792958838,
        "p25": 0.00910822960613257,
        "median": 0.009272595071426762,
        "p75": 0.009380528888832267,
        "p90": 0.009450859697185305,
        "p95": 0.009483163872332452,
        "p99": 0.012805514110784897,
        "p99.9": 0.01372492677800836,
        "max": 0.01534657650904912
      },
      "time_to_first_token": {
        "mean": 0.057389242570255496,
        "min": 0.035954999999376014,
        "p0.1": 0.042869206047565965,
        "p1": 0.04466861416010943,
        "p5": 0.046236057401984,
        "p10": 0.04750812999700429,
        "p25": 0.05052458775116975,
        "median": 0.055192140500366804,
        "p75": 0.059934942748441244,
        "p90": 0.06321692069941492,
        "p95": 0.06477784530106874,
        "p99": 0.12061513691056464,
        "p99.9": 0.6098840871457207,
        "max": 0.7913332269999955
      },
      "inter_token_latency": {
        "mean": 0.009294446922286655,
        "min": 1.7220008885487914e-06,
        "p0.1": 2.3230022634379566e-06,
        "p1": 4.489000275498256e-06,
        "p5": 7.110000296961516e-06,
        "p10": 9.646999387769029e-06,
        "p25": 2.299799962202087e-05,
        "median": 4.1458501073066145e-05,
        "p75": 0.01853629025117698,
        "p90": 0.019079864399827784,
        "p95": 0.019456674399407348,
        "p99": 0.02090226269181584,
        "p99.9": 0.047409204774192075,
        "max": 0.6445978820011078
      }
    },
    "throughput": {
      "input_tokens_per_sec": 4567.472295599101,
      "output_tokens_per_sec": 1955.0501049763452,
      "total_tokens_per_sec": 6522.522400575446,
      "requests_per_sec": 7.944673593430452
    },
    "prompt_len": {
      "mean": 574.91,
      "min": 559.0,
      "p0.1": 559.0,
      "p1": 559.99,
      "p5": 564.95,
      "p10": 567.0,
      "p25": 571.0,
      "median": 575.0,
      "p75": 579.0,
      "p90": 584.0,
      "p95": 586.0500000000002,
      "p99": 589.0,
      "p99.9": 589.0,
      "max": 589.0
    },
    "output_len": {
      "mean": 246.083125,
      "min": 0.0,
      "p0.1": 3.0,
      "p1": 58.980000000000004,
      "p5": 246.0,
      "p10": 247.0,
      "p25": 248.0,
      "median": 249.0,
      "p75": 249.0,
      "p90": 250.0,
      "p95": 250.0,
      "p99": 250.0,
      "p99.9": 250.0,
      "max": 251.0
    }
  },
  "failures": {
    "count": 0,
    "request_latency": null,
    "prompt_len": null
  }
}