{
  "load_summary": {
    "count": 16800,
    "schedule_delay": {
      "mean": 0.00046430520612656914,
      "min": -0.0017430773878004402,
      "p0.1": -0.0009954213534729207,
      "p1": -0.0007384494892539806,
      "p5": -0.00043532478575798446,
      "p10": -0.0002399002776655834,
      "p25": 8.460022036160808e-05,
      "median": 0.0004554271035885904,
      "p75": 0.000836842891658307,
      "p90": 0.001166587296393118,
      "p95": 0.0013582252136984606,
      "p99": 0.0017263563446613254,
      "p99.9": 0.0027208779924294793,
      "max": 0.01974370048264973
    }
  },
  "successes": {
    "count": 16800,
    "latency": {
      "request_latency": {
        "mean": 5.320605252511035,
        "min": 4.27367373800007,
        "p0.1": 4.350987455326787,
        "p1": 4.458446210312359,
        "p5": 4.545367907797663,
        "p10": 4.624160525100888,
        "p25": 4.745414831500057,
        "median": 5.452047500501067,
        "p75": 5.5805741980002495,
        "p90": 5.724886568998772,
        "p95": 6.061891228950843,
        "p99": 6.632368234991078,
        "p99.9": 7.071470412428547,
        "max": 7.737904184003128
      },
      "normalized_time_per_output_token": {
        "mean": 0.027127523370968052,
        "min": 0.0,
        "p0.1": 0.01733319757280794,
        "p1": 0.017913830690886683,
        "p5": 0.018275410330522525,
        "p10": 0.018583921648998337,
        "p25": 0.01911086810441958,
        "median": 0.021929600639256225,
        "p75": 0.022472344047469013,
        "p90": 0.02324445488362546,
        "p95": 0.024839631493124875,
        "p99": 0.10589877600576073,
        "p99.9": 1.359748578402443,
        "max": 2.77962058599951
      },
      "time_per_output_token": {
        "mean": 0.010494554251081811,
        "min": 0.008480274295777804,
        "p0.1": 0.008654874393313663,
        "p1": 0.008862603476796571,
        "p5": 0.00903519375392027,
        "p10": 0.009189335228166423,
        "p25": 0.009431069173039488,
        "median": 0.01083492558953612,
        "p75": 0.011080518149396326,
        "p90": 0.0112881680217305,
        "p95": 0.011366753558454281,
        "p99": 0.011440408597259347,
        "p99.9": 0.013420024225872091,
        "max": 0.01534657650904912
      },
      "time_to_first_token": {
        "mean": 0.10302162049001622,
        "min": 0.02949793299922021,
        "p0.1": 0.04361098011101421,
        "p1": 0.045728001810784916,
        "p5": 0.048935860101119034,
        "p10": 0.05218623180116992,
        "p25": 0.05767429649949918,
        "median": 0.06392329549998976,
        "p75": 0.07248043724757736,
        "p90": 0.10774589330176249,
        "p95": 0.4106649420511526,
        "p99": 0.8819200370803442,
        "p99.9": 1.2686488526044708,
        "max": 1.4494072109991976
      },
      "inter_token_latency": {
        "mean": 0.010494583793607288,
        "min": 1.7220008885487914e-06,
        "p0.1": 2.3749998945277184e-06,
        "p1": 4.754998371936381e-06,
        "p5": 7.219998224172741e-06,
        "p10": 9.43999839364551e-06,
        "p25": 2.185400080634281e-05,
        "median": 3.8301001040963456e-05,
        "p75": 0.02125123675159557,
        "p90": 0.02254827299839235,
        "p95": 0.02356743474920222,
        "p99": 0.02622371377103264,
        "p99.9": 0.03678791825668684,
        "max": 0.6445978820011078
      }
    },
    "throughput": {
      "input_tokens_per_sec": 7970.986163344657,
      "output_tokens_per_sec": 3408.013666363434,
      "total_tokens_per_sec": 11378.999829708091,
      "requests_per_sec": 13.864754767432567
    },
    "prompt_len": {
      "mean": 574.91,
      "min": 559.0,
      "p0.1": 559.0,
      "p1": 559.99,
      "p5": 564.95,
      "p10": 567.0,
      "p25": 571.0,
      "median": 575.0,
      "p75": 579.0,
      "p90": 584.0,
      "p95": 586.0499999999993,
      "p99": 589.0,
      "p99.9": 589.0,
      "max": 589.0
    },
    "output_len": {
      "mean": 245.80410714285713,
      "min": 0.0,
      "p0.1": 2.0,
      "p1": 37.0,
      "p5": 246.0,
      "p10": 247.0,
      "p25": 248.0,
      "median": 249.0,
      "p75": 249.0,
      "p90": 250.0,
      "p95": 250.0,
      "p99": 250.0,
      "p99.9": 250.20100000000093,
      "max": 272.0
    }
  },
  "failures": {
    "count": 0,
    "request_latency": null,
    "prompt_len": null
  }
}