{
  "load_summary": {
    "count": 7200,
    "schedule_delay": {
      "mean": 0.00046604848130502637,
      "min": -0.001183793880045414,
      "p0.1": -0.00104771429579705,
      "p1": -0.0007584710977971554,
      "p5": -0.0004384709987789392,
      "p10": -0.0002564356662333012,
      "p25": 7.905787788331509e-05,
      "median": 0.00045116525143384933,
      "p75": 0.000825484748929739,
      "p90": 0.0011944285593926908,
      "p95": 0.0014016786590218544,
      "p99": 0.0018690217193216092,
      "p99.9": 0.003050523456186075,
      "max": 0.014239287003874779
    },
    "send_duration": 1199.8392291944474,
    "requested_rate": 6.0,
    "achieved_rate": 6.000803961739076
  },
  "successes": {
    "count": 7200,
    "latency": {
      "request_latency": {
        "mean": 4.684723604656756,
        "min": 3.8236494474112988,
        "p0.1": 4.292451591575518,
        "p1": 4.393975244695321,
        "p5": 4.439710296038538,
        "p10": 4.479004418943077,
        "p25": 4.560245859902352,
        "median": 4.652218260802329,
        "p75": 4.750546779949218,
        "p90": 4.844859253242612,
        "p95": 4.889000743534416,
        "p99": 5.301971764694907,
        "p99.9": 10.712109717998672,
        "max": 12.412979869171977
      },
      "normalized_time_per_output_token": {
        "mean": 0.019993525160512518,
        "min": 0.015294597789645195,
        "p0.1": 0.01703392369435049,
        "p1": 0.01741399586270933,
        "p5": 0.017658263776030907,
        "p10": 0.01782520855353637,
        "p25": 0.018168382734268032,
        "median": 0.018537272441602755,
        "p75": 0.018975148757908303,
        "p90": 0.019403013135048712,
        "p95": 0.019726172130199383,
        "p99": 0.04605681133254902,
        "p99.9": 0.27952183740449604,
        "max": 1.152586421230808
      },
      "time_per_output_token": {
        "mean": 0.009189132890384812,
        "min": 0.007494298748627571,
        "p0.1": 0.008419823398178528,
        "p1": 0.008627033696193285,
        "p5": 0.008715767601123504,
        "p10": 0.0087960796921364,
        "p25": 0.008954054067303865,
        "median": 0.009136207245297685,
        "p75": 0.00932936193365937,
        "p90": 0.009512030063511777,
        "p95": 0.00959958322938702,
        "p99": 0.010384427868181606,
        "p99.9": 0.02036462034182126,
        "max": 0.02280376304104597
      },
      "time_to_first_token": {
        "mean": 0.06050911733013992,
        "min": 0.03768385946750641,
        "p0.1": 0.04263471925258636,
        "p1": 0.044874989269301294,
        "p5": 0.04655784093774855,
        "p10": 0.04788144733756781,
        "p25": 0.050769538851454854,
        "median": 0.05548548512160778,
        "p75": 0.060146857518702745,
        "p90": 0.06341933971270919,
        "p95": 0.06532142697833478,
        "p99": 0.0853470073640352,
        "p99.9": 1.0737249155193707,
        "max": 1.8114989940077066
      },
      "inter_token_latency": {
        "mean": 0.009189132032182938,
        "min": 1.7900019884109497e-06,
        "p0.1": 2.5639310479164124e-06,
        "p1": 5.065463483333588e-06,
        "p5": 5.959533154964447e-06,
        "p10": 6.8284571170806885e-06,
        "p25": 1.134723424911499e-05,
        "median": 9.35322605073452e-05,
        "p75": 0.018341368762776256,
        "p90": 0.01921203127130866,
        "p95": 0.019658896140754223,
        "p99": 0.020450998563319445,
        "p99.9": 0.03074435736052696,
        "max": 1.0002658478915691
      }
    },
    "throughput": {
      "input_tokens_per_sec": 4679.2171628280485,
      "output_tokens_per_sec": 1482.984174118672,
      "total_tokens_per_sec": 6162.20133694672,
      "requests_per_sec": 5.981741339505335
    },
    "prompt_len": {
      "mean": 782.25,
      "min": 769.0,
      "p0.1": 769.0,
      "p1": 769.99,
      "p5": 773.95,
      "p10": 775.0,
      "p25": 778.0,
      "median": 781.5,
      "p75": 787.0,
      "p90": 790.1000000000004,
      "p95": 793.0,
      "p99": 798.0,
      "p99.9": 798.0,
      "max": 798.0
    },
    "output_len": {
      "mean": 247.91847222222222,
      "min": 4.0,
      "p0.1": 17.597,
      "p1": 106.99,
      "p5": 245.0,
      "p10": 248.0,
      "p25": 250.0,
      "median": 251.0,
      "p75": 253.0,
      "p90": 253.0,
      "p95": 254.0,
      "p99": 255.0,
      "p99.9": 257.0,
      "max": 259.0
    }
  },
  "failures": {
    "count": 0,
    "request_latency": null,
    "prompt_len": null
  }
}