{
  "load_summary": {
    "count": 4800,
    "schedule_delay": {
      "mean": 0.00044207512168213724,
      "min": -0.0011254241690039635,
      "p0.1": -0.0010567457443103193,
      "p1": -0.000778857721015811,
      "p5": -0.00048554963432252403,
      "p10": -0.00028979061171412467,
      "p25": 3.1074974685907364e-05,
      "median": 0.00043189898133277893,
      "p75": 0.0008217031136155128,
      "p90": 0.0011588480323553088,
      "p95": 0.0013740757014602425,
      "p99": 0.001884964238852263,
      "p99.9": 0.004763923550956188,
      "max": 0.007239979691803455
    },
    "send_duration": 1199.9175758743659,
    "requested_rate": 4.0,
    "achieved_rate": 4.000274765958234
  },
  "successes": {
    "count": 1506,
    "latency": {
      "request_latency": {
        "mean": 156.42099856354102,
        "min": 41.01728017628193,
        "p0.1": 41.0275448633451,
        "p1": 42.22123984270729,
        "p5": 45.497150806710124,
        "p10": 55.19205016922206,
        "p25": 79.44960450730287,
        "median": 151.96741214348003,
        "p75": 222.3730905824341,
        "p90": 271.3210081025027,
        "p95": 292.6234607801307,
        "p99": 297.90480527994225,
        "p99.9": 299.7417698623985,
        "max": 299.96972614433616
      },
      "normalized_time_per_output_token": {
        "mean": 0.13910477747580216,
        "min": 0.028390001758262774,
        "p0.1": 0.028451141752104732,
        "p1": 0.02930055512522334,
        "p5": 0.031601197508073935,
        "p10": 0.038375879669366675,
        "p25": 0.0556047583945571,
        "median": 0.10562618717360059,
        "p75": 0.15763037718172482,
        "p90": 0.19069047867987313,
        "p95": 0.2035762588018114,
        "p99": 0.3288646907360852,
        "p99.9": 7.177020769962111,
        "max": 9.949078400386497
      },
      "time_per_output_token": {
        "mean": 0.01843285043184871,
        "min": 0.01403548301403013,
        "p0.1": 0.014037870596327572,
        "p1": 0.014367867602291943,
        "p5": 0.015672983447219027,
        "p10": 0.016514011637349817,
        "p25": 0.017379863781601827,
        "median": 0.018661914453743697,
        "p75": 0.019926728472750576,
        "p90": 0.020254179410216774,
        "p95": 0.02031935115647864,
        "p99": 0.020413194918017415,
        "p99.9": 0.02041951646949671,
        "max": 0.020420130061078977
      },
      "time_to_first_token": {
        "mean": 103.03483809073607,
        "min": 0.06703817192465067,
        "p0.1": 0.06737607603892684,
        "p1": 0.0732422150671482,
        "p5": 0.09665026539005339,
        "p10": 7.194556528236717,
        "p25": 29.18180730822496,
        "median": 97.84338303981349,
        "p75": 164.6836125650443,
        "p90": 212.57511159451678,
        "p95": 233.6555407086853,
        "p99": 239.39600964011626,
        "p99.9": 241.2005869053118,
        "max": 241.35357316676527
      },
      "inter_token_latency": {
        "mean": 0.018432321087129843,
        "min": 1.796521246433258e-06,
        "p0.1": 4.6351924538612366e-06,
        "p1": 6.3301995396614075e-06,
        "p5": 8.387491106987e-06,
        "p10": 1.0115094482898712e-05,
        "p25": 1.594703644514084e-05,
        "median": 0.00014781905338168144,
        "p75": 0.03710016026161611,
        "p90": 0.04121848335489631,
        "p95": 0.04301648330874741,
        "p99": 0.0454081155359745,
        "p99.9": 0.05814887352290174,
        "max": 0.9045016597956419
      }
    },
    "throughput": {
      "input_tokens_per_sec": 1079.9183981371953,
      "output_tokens_per_sec": 1425.3368219842052,
      "total_tokens_per_sec": 2505.2552201214007,
      "requests_per_sec": 1.0039799171525678
    },
    "prompt_len": {
      "mean": 1075.6374501992032,
      "min": 1058.0,
      "p0.1": 1058.0,
      "p1": 1060.0,
      "p5": 1064.0,
      "p10": 1066.0,
      "p25": 1068.25,
      "median": 1074.5,
      "p75": 1080.0,
      "p90": 1086.0,
      "p95": 1091.0,
      "p99": 1101.0,
      "p99.9": 1101.0,
      "max": 1101.0
    },
    "output_len": {
      "mean": 1419.6865869853918,
      "min": 8.0,
      "p0.1": 20.03,
      "p1": 710.3000000000001,
      "p5": 1413.0,
      "p10": 1424.0,
      "p25": 1436.0,
      "median": 1442.0,
      "p75": 1446.0,
      "p90": 1448.0,
      "p95": 1449.0,
      "p99": 1451.0,
      "p99.9": 1454.0,
      "max": 1454.0
    }
  },
  "failures": {
    "count": 3294,
    "request_latency": {
      "mean": 300.49245038099474,
      "min": 300.0000115875155,
      "p0.1": 300.0014470283035,
      "p1": 300.01115901731885,
      "p5": 300.0475424815901,
      "p10": 300.0983261516318,
      "p25": 300.24027791875415,
      "median": 300.47664957726374,
      "p75": 300.74742256314494,
      "p90": 300.899812727049,
      "p95": 300.9522390682716,
      "p99": 300.9864857884962,
      "p99.9": 300.99956105436945,
      "max": 301.0001879548654
    },
    "prompt_len": {
      "mean": 0.0,
      "min": 0.0,
      "p0.1": 0.0,
      "p1": 0.0,
      "p5": 0.0,
      "p10": 0.0,
      "p25": 0.0,
      "median": 0.0,
      "p75": 0.0,
      "p90": 0.0,
      "p95": 0.0,
      "p99": 0.0,
      "p99.9": 0.0,
      "max": 0.0
    }
  }
}