{
  "load_summary": {
    "count": 3000,
    "schedule_delay": {
      "mean": 0.00045119875415988036,
      "min": -0.0011452016087787342,
      "p0.1": -0.0010660372828920116,
      "p1": -0.000814816031565897,
      "p5": -0.00048248968613506804,
      "p10": -0.00029225514065274184,
      "p25": 5.382576017609608e-05,
      "median": 0.00043848307689131616,
      "p75": 0.0008430442735516408,
      "p90": 0.0011837985063721135,
      "p95": 0.0013862803261304173,
      "p99": 0.0017399791251773399,
      "p99.9": 0.0021085015197394212,
      "max": 0.00651254762942699
    },
    "send_duration": 599.9928826550001,
    "requested_rate": 5.0,
    "achieved_rate": 5.000059311911905
  },
  "successes": {
    "count": 3000,
    "latency": {
      "request_latency": {
        "mean": 1.8103224114763325,
        "min": 1.5372239990001617,
        "p0.1": 1.552629513141851,
        "p1": 1.6007933015098001,
        "p5": 1.6524403025500647,
        "p10": 1.685898290799969,
        "p25": 1.7398770492499125,
        "median": 1.7965748925000753,
        "p75": 1.8743185877499968,
        "p90": 1.9400948957000081,
        "p95": 1.9987848842500853,
        "p99": 2.1888283881400454,
        "p99.9": 2.2839708074749225,
        "max": 2.294039815999895
      },
      "normalized_time_per_output_token": {
        "mean": 0.03158602921491689,
        "min": 0.0,
        "p0.1": 0.0,
        "p1": 0.0064621384149074045,
        "p5": 0.006727858671169979,
        "p10": 0.006883686936125629,
        "p25": 0.007156110314899473,
        "median": 0.007602124296799992,
        "p75": 0.011920496978450603,
        "p90": 0.06311460935382009,
        "p95": 0.16300251098029941,
        "p99": 0.4381950391825186,
        "p99.9": 0.8936099679844568,
        "max": 0.9248619904999487
      },
      "time_per_output_token": {
        "mean": 0.0036027077654236617,
        "min": 0.003055588428282999,
        "p0.1": 0.0030866617807273965,
        "p1": 0.003185454098161938,
        "p5": 0.0032892907869696234,
        "p10": 0.0033535104789899203,
        "p25": 0.0034612237025253125,
        "median": 0.0035762466747474267,
        "p75": 0.003730438157575725,
        "p90": 0.003862969027677123,
        "p95": 0.003979770676262524,
        "p99": 0.004336487935595737,
        "p99.9": 0.0045143448765996705,
        "max": 0.004541051161615744
      },
      "time_to_first_token": {
        "mean": 0.025036599272001393,
        "min": 0.01830993699991268,
        "p0.1": 0.018758223987865676,
        "p1": 0.019619869180089608,
        "p5": 0.020491958499928842,
        "p10": 0.021134539300101098,
        "p25": 0.022465398500003175,
        "median": 0.024261102999957984,
        "p75": 0.026381420000063827,
        "p90": 0.028373321300023235,
        "p95": 0.030783916300072156,
        "p99": 0.04597016739010309,
        "p99.9": 0.06706811760213689,
        "max": 0.13022364300013578
      },
      "inter_token_latency": {
        "mean": 0.003602707260301473,
        "min": 1.2900000001536682e-06,
        "p0.1": 2.1289999949658522e-06,
        "p1": 3.892999984600465e-06,
        "p5": 4.0469999476044904e-06,
        "p10": 4.189000037513324e-06,
        "p25": 4.712999952971586e-06,
        "median": 2.692099997148034e-05,
        "p75": 0.007186990499860713,
        "p90": 0.007628727900100785,
        "p95": 0.007892384999877322,
        "p99": 0.008584299740027742,
        "p99.9": 0.015344617472037978,
        "max": 0.047813113000074736
      }
    },
    "throughput": {
      "input_tokens_per_sec": 2950.364989351711,
      "output_tokens_per_sec": 966.0276479679244,
      "total_tokens_per_sec": 3916.392637319635,
      "requests_per_sec": 4.986841420062726
    },
    "prompt_len": {
      "mean": 591.63,
      "min": 580.0,
      "p0.1": 580.0,
      "p1": 580.99,
      "p5": 582.95,
      "p10": 584.9000000000001,
      "p25": 588.0,
      "median": 591.0,
      "p75": 595.0,
      "p90": 600.0,
      "p95": 601.0,
      "p99": 603.0099999999998,
      "p99.9": 604.0,
      "max": 604.0
    },
    "output_len": {
      "mean": 193.71533333333332,
      "min": 0.0,
      "p0.1": 0.0,
      "p1": 3.0,
      "p5": 10.0,
      "p10": 25.900000000000034,
      "p25": 148.75,
      "median": 247.0,
      "p75": 248.0,
      "p90": 249.0,
      "p95": 249.0,
      "p99": 249.0,
      "p99.9": 250.0,
      "max": 250.0
    }
  },
  "failures": {
    "count": 0,
    "request_latency": null,
    "prompt_len": null
  }
}