{
  "load_summary": {
    "count": 6000,
    "schedule_delay": {
      "mean": 0.00041331151221917634,
      "min": -0.0012088988032701309,
      "p0.1": -0.0010841556770351418,
      "p1": -0.0007902530130240848,
      "p5": -0.0004994638354219206,
      "p10": -0.00029139083694644795,
      "p25": 3.448058680532995e-05,
      "median": 0.00041396528786208364,
      "p75": 0.0007771663081257429,
      "p90": 0.0011032503682827158,
      "p95": 0.0013000018577031369,
      "p99": 0.0016313301095033247,
      "p99.9": 0.0020229095330123715,
      "max": 0.01025268151624914
    },
    "send_duration": 599.7679113150002,
    "requested_rate": 10.0,
    "achieved_rate": 10.003869641583373
  },
  "successes": {
    "count": 6000,
    "latency": {
      "request_latency": {
        "mean": 2.2159484089051675,
        "min": 1.5939942869999868,
        "p0.1": 1.7734969422047429,
        "p1": 1.8626857746200358,
        "p5": 1.9555500791000668,
        "p10": 2.0209750107000675,
        "p25": 2.107739685250067,
        "median": 2.214770398000155,
        "p75": 2.3173282980000067,
        "p90": 2.4257307327001856,
        "p95": 2.4884021419500186,
        "p99": 2.579964135069936,
        "p99.9": 2.6254897639297,
        "max": 2.6375904290002836
      },
      "normalized_time_per_output_token": {
        "mean": 0.035949690097069685,
        "min": 0.0,
        "p0.1": 0.0,
        "p1": 0.007573162978492627,
        "p5": 0.008021979118955016,
        "p10": 0.008290839976587073,
        "p25": 0.008752673379214026,
        "median": 0.00936252446558683,
        "p75": 0.014203206805810695,
        "p90": 0.057356659685773435,
        "p95": 0.18427133989546926,
        "p99": 0.4685924426719503,
        "p99.9": 1.129898089371976,
        "max": 1.2608831359998476
      },
      "time_per_output_token": {
        "mean": 0.004413581697302761,
        "min": 0.0031837618888889987,
        "p0.1": 0.00352841644791937,
        "p1": 0.0037063236367284326,
        "p5": 0.0038953968533329,
        "p10": 0.004022137546262273,
        "p25": 0.004196859032827943,
        "median": 0.004411133687879078,
        "p75": 0.004615929185353358,
        "p90": 0.004831823466464986,
        "p95": 0.004957642767171682,
        "p99": 0.005135484535737057,
        "p99.9": 0.005231537263362458,
        "max": 0.005252256006060818
      },
      "time_to_first_token": {
        "mean": 0.029454409818666327,
        "min": 0.016297251999958462,
        "p0.1": 0.02071850586298251,
        "p1": 0.02207921750007017,
        "p5": 0.023696012749792317,
        "p10": 0.02465530419992774,
        "p25": 0.026433402999828104,
        "median": 0.028919372000018484,
        "p75": 0.03149426550010048,
        "p90": 0.03409478359994864,
        "p95": 0.03566958894969048,
        "p99": 0.05075222436994411,
        "p99.9": 0.06712550779725521,
        "max": 0.08037884999998823
      },
      "inter_token_latency": {
        "mean": 0.004413592161386117,
        "min": 1.1389997780497652e-06,
        "p0.1": 2.444888660647848e-06,
        "p1": 4.068000180268427e-06,
        "p5": 4.707999778474914e-06,
        "p10": 5.077999958302826e-06,
        "p25": 6.390999715222279e-06,
        "median": 3.329400010443351e-05,
        "p75": 0.008732262750186237,
        "p90": 0.009493624199808438,
        "p95": 0.00996252309976171,
        "p99": 0.011155703879976499,
        "p99.9": 0.02108444072285776,
        "max": 0.054832827000154793
      }
    },
    "throughput": {
      "input_tokens_per_sec": 5900.712721716513,
      "output_tokens_per_sec": 1952.6219685144695,
      "total_tokens_per_sec": 7853.334690230982,
      "requests_per_sec": 9.973653671579388
    },
    "prompt_len": {
      "mean": 591.63,
      "min": 580.0,
      "p0.1": 580.0,
      "p1": 580.99,
      "p5": 582.95,
      "p10": 584.9,
      "p25": 588.0,
      "median": 591.0,
      "p75": 595.0,
      "p90": 600.0,
      "p95": 601.0,
      "p99": 603.0100000000002,
      "p99.9": 604.0,
      "max": 604.0
    },
    "output_len": {
      "mean": 195.778,
      "min": 0.0,
      "p0.1": 0.0,
      "p1": 4.0,
      "p5": 11.0,
      "p10": 36.0,
      "p25": 153.0,
      "median": 247.0,
      "p75": 248.0,
      "p90": 249.0,
      "p95": 249.0,
      "p99": 249.0,
      "p99.9": 250.0,
      "max": 250.0
    }
  },
  "failures": {
    "count": 0,
    "request_latency": null,
    "prompt_len": null
  }
}