{
  "load_summary": {
    "count": 9000,
    "schedule_delay": {
      "mean": 0.00042594059286607766,
      "min": -0.0012088988032701309,
      "p0.1": -0.0010681928601750314,
      "p1": -0.0008021952333592708,
      "p5": -0.0004902325489979376,
      "p10": -0.0002919270704069276,
      "p25": 4.152157930548128e-05,
      "median": 0.00042282491847345227,
      "p75": 0.0007966290465901693,
      "p90": 0.001131248237879845,
      "p95": 0.0013274782295184166,
      "p99": 0.0016850195037477536,
      "p99.9": 0.0020399155254199426,
      "max": 0.01025268151624914
    }
  },
  "successes": {
    "count": 9000,
    "latency": {
      "request_latency": {
        "mean": 2.0807397430955556,
        "min": 1.5372239990001617,
        "p0.1": 1.559318306902986,
        "p1": 1.6327607431600517,
        "p5": 1.706373437650086,
        "p10": 1.7524207252000905,
        "p25": 1.866001653750061,
        "median": 2.1106220724999503,
        "p75": 2.259582188500076,
        "p90": 2.386523092900052,
        "p95": 2.450407521099646,
        "p99": 2.5619649274001906,
        "p99.9": 2.622174155308759,
        "max": 2.6375904290002836
      },
      "normalized_time_per_output_token": {
        "mean": 0.03449513646968542,
        "min": 0.0,
        "p0.1": 0.0,
        "p1": 0.0066004652198676204,
        "p5": 0.006984088010421159,
        "p10": 0.007213581652016299,
        "p25": 0.008129902546584125,
        "median": 0.009128940597566314,
        "p75": 0.013413921825999094,
        "p90": 0.05952728950333083,
        "p95": 0.17838273101827554,
        "p99": 0.4517958903975042,
        "p99.9": 1.1095381810170935,
        "max": 1.2608831359998476
      },
      "time_per_output_token": {
        "mean": 0.004143290386676395,
        "min": 0.003055588428282999,
        "p0.1": 0.0031061540658526305,
        "p1": 0.0032509673189899902,
        "p5": 0.003394967661313377,
        "p10": 0.003486442171515086,
        "p25": 0.0037150957313131566,
        "median": 0.004202072207070417,
        "p75": 0.004499453409090909,
        "p90": 0.004755706732929214,
        "p95": 0.004883039206565305,
        "p99": 0.0051003301096972445,
        "p99.9": 0.0052283022627494175,
        "max": 0.005252256006060818
      },
      "time_to_first_token": {
        "mean": 0.027981806303111346,
        "min": 0.016297251999958462,
        "p0.1": 0.01915269272202363,
        "p1": 0.02012657159993978,
        "p5": 0.021539463599992814,
        "p10": 0.022551595500067377,
        "p25": 0.024644201249998332,
        "median": 0.027235565500063785,
        "p75": 0.03038437725001586,
        "p90": 0.03334977879983399,
        "p95": 0.035214518299994765,
        "p99": 0.04992789920011093,
        "p99.9": 0.06712550779725472,
        "max": 0.13022364300013578
      },
      "inter_token_latency": {
        "mean": 0.004143292704480851,
        "min": 1.1389997780497652e-06,
        "p0.1": 2.319000032002805e-06,
        "p1": 3.943999900002382e-06,
        "p5": 4.235999995216844e-06,
        "p10": 4.594000074575888e-06,
        "p25": 5.740000233345199e-06,
        "median": 3.2142999771167524e-05,
        "p75": 0.008281985249936952,
        "p90": 0.009201043499842854,
        "p95": 0.009715916899995137,
        "p99": 0.01091113979986858,
        "p99.9": 0.01944652586397811,
        "max": 0.054832827000154793
      }
    },
    "throughput": {
      "input_tokens_per_sec": 4415.94777939257,
      "output_tokens_per_sec": 1456.162153584426,
      "total_tokens_per_sec": 5872.109932976996,
      "requests_per_sec": 7.464036271643712
    },
    "prompt_len": {
      "mean": 591.63,
      "min": 580.0,
      "p0.1": 580.0,
      "p1": 580.99,
      "p5": 582.95,
      "p10": 584.9000000000001,
      "p25": 588.0,
      "median": 591.0,
      "p75": 595.0,
      "p90": 600.0,
      "p95": 601.0,
      "p99": 603.0100000000002,
      "p99.9": 604.0,
      "max": 604.0
    },
    "output_len": {
      "mean": 195.09044444444444,
      "min": 0.0,
      "p0.1": 0.0,
      "p1": 4.0,
      "p5": 11.0,
      "p10": 31.0,
      "p25": 151.0,
      "median": 247.0,
      "p75": 248.0,
      "p90": 249.0,
      "p95": 249.0,
      "p99": 249.0,
      "p99.9": 250.0,
      "max": 250.0
    }
  },
  "failures": {
    "count": 0,
    "request_latency": null,
    "prompt_len": null
  }
}