{
  "load_summary": {
    "count": 4800,
    "schedule_delay": {
      "mean": 0.00045037131616785093,
      "min": -0.0011527013994054869,
      "p0.1": -0.0010124106627263246,
      "p1": -0.0007618552700296276,
      "p5": -0.0004556852494715713,
      "p10": -0.00025225814824807457,
      "p25": 7.314942558878101e-05,
      "median": 0.0004401293153932784,
      "p75": 0.0008053123965510167,
      "p90": 0.001157541701832088,
      "p95": 0.0013527140017686179,
      "p99": 0.0017134358743351205,
      "p99.9": 0.002820457894051623,
      "max": 0.008927579896408133
    }
  },
  "successes": {
    "count": 3200,
    "latency": {
      "request_latency": {
        "mean": 161.7298511122394,
        "min": 37.85069205700711,
        "p0.1": 37.9401957885654,
        "p1": 38.77587711808861,
        "p5": 46.385914557147046,
        "p10": 59.8010812648994,
        "p25": 97.11985710750014,
        "median": 153.17723056899922,
        "p75": 225.60430313674988,
        "p90": 273.94560343719496,
        "p95": 288.84537386185036,
        "p99": 297.16299554751413,
        "p99.9": 298.686268171657,
        "max": 299.12933022200014
      },
      "normalized_time_per_output_token": {
        "mean": 0.2136286405051319,
        "min": 0.02612194068806564,
        "p0.1": 0.02623323445861133,
        "p1": 0.02674201016251408,
        "p5": 0.03204616418290736,
        "p10": 0.04134913506854649,
        "p25": 0.06709072221714862,
        "median": 0.10608719328928107,
        "p75": 0.15592873600620671,
        "p90": 0.18967702011171952,
        "p95": 0.20062607919292483,
        "p99": 0.20581796819229134,
        "p99.9": 24.28295635058435,
        "max": 142.5138555090016
      },
      "time_per_output_token": {
        "mean": 0.014758024550086719,
        "min": 0.012977389537453032,
        "p0.1": 0.013015991515745166,
        "p1": 0.013351108468184563,
        "p5": 0.013600113106887083,
        "p10": 0.013828385304454764,
        "p25": 0.014560579530808021,
        "median": 0.014969418035363911,
        "p75": 0.015100698694003798,
        "p90": 0.015158638724884014,
        "p95": 0.015223758470570616,
        "p99": 0.015312408263213992,
        "p99.9": 0.015335510154360665,
        "max": 0.015336767590737193
      },
      "time_to_first_token": {
        "mean": 118.99582058901589,
        "min": 0.062311184003192466,
        "p0.1": 0.06392379401156359,
        "p1": 0.10687110818857036,
        "p5": 7.187168374704562,
        "p10": 19.74554954509804,
        "p25": 54.901905573002296,
        "median": 109.88592022699959,
        "p75": 181.81538675199772,
        "p90": 230.37872245260297,
        "p95": 244.58289802605321,
        "p99": 253.54937494709353,
        "p99.9": 255.11202847582402,
        "max": 255.5302314770015
      },
      "inter_token_latency": {
        "mean": 0.014757833669594635,
        "min": 1.710999640636146e-06,
        "p0.1": 4.682000777393114e-06,
        "p1": 6.312002369668335e-06,
        "p5": 8.729002729523927e-06,
        "p10": 1.0809002560563385e-05,
        "p25": 2.2268002794589847e-05,
        "median": 9.445050091017038e-05,
        "p75": 0.029641303999596857,
        "p90": 0.0304843029975018,
        "p95": 0.03102853600285016,
        "p99": 0.03285880926428945,
        "p99.9": 0.04634598932433798,
        "max": 0.6666645270015579
      }
    },
    "throughput": {
      "input_tokens_per_sec": 2310.340742599655,
      "output_tokens_per_sec": 3076.154600272358,
      "total_tokens_per_sec": 5386.495342872013,
      "requests_per_sec": 2.1334165113162022
    },
    "prompt_len": {
      "mean": 1082.93,
      "min": 1056.0,
      "p0.1": 1056.0,
      "p1": 1062.93,
      "p5": 1068.9,
      "p10": 1071.9,
      "p25": 1076.75,
      "median": 1082.5,
      "p75": 1089.25,
      "p90": 1093.1999999999998,
      "p95": 1098.0,
      "p99": 1108.0899999999979,
      "p99.9": 1117.0,
      "max": 1117.0
    },
    "output_len": {
      "mean": 1441.89125,
      "min": 2.0,
      "p0.1": 8.199,
      "p1": 1380.95,
      "p5": 1444.0,
      "p10": 1446.0,
      "p25": 1448.0,
      "median": 1449.0,
      "p75": 1449.0,
      "p90": 1450.0,
      "p95": 1450.0,
      "p99": 1450.0,
      "p99.9": 1451.0,
      "max": 1452.0
    }
  },
  "failures": {
    "count": 1600,
    "request_latency": {
      "mean": 300.51220959196615,
      "min": 300.0013745489996,
      "p0.1": 300.00374285580966,
      "p1": 300.0149119229925,
      "p5": 300.05441195780185,
      "p10": 300.1070879000981,
      "p25": 300.25605071899736,
      "median": 300.51821512099923,
      "p75": 300.76476136774727,
      "p90": 300.91696454079795,
      "p95": 300.9595821146046,
      "p99": 300.99475181961503,
      "p99.9": 300.9996860859976,
      "max": 301.0005054630019
    },
    "prompt_len": {
      "mean": 0.0,
      "min": 0.0,
      "p0.1": 0.0,
      "p1": 0.0,
      "p5": 0.0,
      "p10": 0.0,
      "p25": 0.0,
      "median": 0.0,
      "p75": 0.0,
      "p90": 0.0,
      "p95": 0.0,
      "p99": 0.0,
      "p99.9": 0.0,
      "max": 0.0
    }
  }
}