{
  "load_summary": {
    "count": 7200,
    "schedule_delay": {
      "mean": 0.0004714578559570428,
      "min": -0.0012306896969676018,
      "p0.1": -0.0010559635292738676,
      "p1": -0.0007706466689705849,
      "p5": -0.0004506705794483423,
      "p10": -0.00025164531543850897,
      "p25": 8.153403177857399e-05,
      "median": 0.00045543164014816284,
      "p75": 0.0008344554807990789,
      "p90": 0.0011874359101057053,
      "p95": 0.0014037515968084331,
      "p99": 0.0018602601438760765,
      "p99.9": 0.0037863443735987497,
      "max": 0.012915668077766895
    }
  },
  "successes": {
    "count": 7200,
    "latency": {
      "request_latency": {
        "mean": 3.6697311178867755,
        "min": 3.4934848323464394,
        "p0.1": 3.509724024492316,
        "p1": 3.5376151320897042,
        "p5": 3.5768209300935268,
        "p10": 3.6007475988939404,
        "p25": 3.632622224278748,
        "median": 3.663387722335756,
        "p75": 3.6969996145926416,
        "p90": 3.7169077343307437,
        "p95": 3.729728289321065,
        "p99": 4.230925106070936,
        "p99.9": 4.617808995874604,
        "max": 5.161442935466766
      },
      "normalized_time_per_output_token": {
        "mean": 0.0144773974899609,
        "min": 0.013518714435887614,
        "p0.1": 0.013741016111093553,
        "p1": 0.013908512886469531,
        "p5": 0.01407131840102147,
        "p10": 0.014168547753127307,
        "p25": 0.014316958017355086,
        "median": 0.0144541694267327,
        "p75": 0.014595980124673235,
        "p90": 0.014705434691395982,
        "p95": 0.014774607521930775,
        "p99": 0.016657570700458906,
        "p99.9": 0.018263585166014243,
        "max": 0.020320641478215617
      },
      "time_per_output_token": {
        "mean": 0.00719996968967429,
        "min": 0.006865496941606993,
        "p0.1": 0.006876427438769261,
        "p1": 0.006940403916756391,
        "p5": 0.007018229836194404,
        "p10": 0.007064215776512389,
        "p25": 0.007128875381840953,
        "median": 0.0071894596553005825,
        "p75": 0.007256194536720457,
        "p90": 0.00729178226799158,
        "p95": 0.007319576078914772,
        "p99": 0.008245929763180244,
        "p99.9": 0.008873694947609685,
        "max": 0.009811921132553717
      },
      "time_to_first_token": {
        "mean": 0.045683580125914884,
        "min": 0.029843775555491447,
        "p0.1": 0.03563970608543605,
        "p1": 0.0370038540661335,
        "p5": 0.03807320189662278,
        "p10": 0.03890545042231679,
        "p25": 0.04113296186551452,
        "median": 0.044849216006696224,
        "p75": 0.04848784883506596,
        "p90": 0.05086676785722375,
        "p95": 0.05201349467970431,
        "p99": 0.0748751986306161,
        "p99.9": 0.14143727594428201,
        "max": 0.7014333363622427
      },
      "inter_token_latency": {
        "mean": 0.00719996093137098,
        "min": 1.695007085800171e-06,
        "p0.1": 2.5657936930656433e-06,
        "p1": 5.044974386692047e-06,
        "p5": 5.709938704967499e-06,
        "p10": 6.382353603839874e-06,
        "p25": 1.0027550160884857e-05,
        "median": 9.648827835917473e-05,
        "p75": 0.014423210173845291,
        "p90": 0.014832169841974973,
        "p95": 0.015089791873469947,
        "p99": 0.0158001219201833,
        "p99.9": 0.022509768472984776,
        "max": 0.49647634383291006
      }
    },
    "throughput": {
      "input_tokens_per_sec": 4707.180220041408,
      "output_tokens_per_sec": 1516.7035571020651,
      "total_tokens_per_sec": 6223.883777143474,
      "requests_per_sec": 5.98322196947035
    },
    "prompt_len": {
      "mean": 786.73,
      "min": 769.0,
      "p0.1": 769.0,
      "p1": 771.97,
      "p5": 775.0,
      "p10": 776.9000000000001,
      "p25": 781.0,
      "median": 785.0,
      "p75": 792.0,
      "p90": 797.1000000000004,
      "p95": 800.0,
      "p99": 802.0600000000013,
      "p99.9": 808.0,
      "max": 808.0
    },
    "output_len": {
      "mean": 253.49277777777777,
      "min": 246.0,
      "p0.1": 248.0,
      "p1": 250.0,
      "p5": 251.0,
      "p10": 251.0,
      "p25": 252.0,
      "median": 253.0,
      "p75": 254.0,
      "p90": 256.0,
      "p95": 257.0,
      "p99": 259.0,
      "p99.9": 261.0,
      "max": 264.0
    }
  },
  "failures": {
    "count": 0,
    "request_latency": null,
    "prompt_len": null
  }
}