{
  "load_summary": {
    "count": 3000,
    "schedule_delay": {
      "mean": 0.00047656273900550635,
      "min": -0.0012191559799248353,
      "p0.1": -0.0010174635112489342,
      "p1": -0.0006782555473910179,
      "p5": -0.0004129885950533207,
      "p10": -0.00023029692965792492,
      "p25": 8.196705675800331e-05,
      "median": 0.00044636069651460275,
      "p75": 0.0008595583021815401,
      "p90": 0.0011940406009671278,
      "p95": 0.0014224907012248876,
      "p99": 0.0018842566240346054,
      "p99.9": 0.003000975290633578,
      "max": 0.0062460489716613665
    },
    "send_duration": 599.811663490007,
    "requested_rate": 5.0,
    "achieved_rate": 5.001569963719088
  },
  "successes": {
    "count": 3000,
    "latency": {
      "request_latency": {
        "mean": 4.518516301372908,
        "min": 3.69538671898772,
        "p0.1": 3.8826882064055246,
        "p1": 4.129740739782428,
        "p5": 4.221612729805929,
        "p10": 4.2876386931005985,
        "p25": 4.383580391488067,
        "median": 4.445987509498082,
        "p75": 4.535875109504559,
        "p90": 4.610824852803489,
        "p95": 4.685899975353823,
        "p99": 8.157533229928262,
        "p99.9": 10.813269319144595,
        "max": 11.341471170002478
      },
      "normalized_time_per_output_token": {
        "mean": 0.020134977394538,
        "min": 0.014900752899144033,
        "p0.1": 0.01568026300797466,
        "p1": 0.01661850692153334,
        "p5": 0.017051638830062367,
        "p10": 0.01735934938913235,
        "p25": 0.01772085178095838,
        "median": 0.018028829274526946,
        "p75": 0.018439762891655186,
        "p90": 0.01890279251295621,
        "p95": 0.020725562508451038,
        "p99": 0.05793768816803126,
        "p99.9": 0.29828108272196197,
        "max": 1.141659358247125
      },
      "time_per_output_token": {
        "mean": 0.008997118330343877,
        "min": 0.00738191707677095,
        "p0.1": 0.007752138275143895,
        "p1": 0.008242519905846249,
        "p5": 0.008418707338597148,
        "p10": 0.00855416004525996,
        "p25": 0.008748091944466014,
        "median": 0.008870105445473172,
        "p75": 0.009051813879797019,
        "p90": 0.009197620342008186,
        "p95": 0.009353561196671717,
        "p99": 0.014223504136939418,
        "p99.9": 0.020233858204999705,
        "max": 0.02080649893308076
      },
      "time_to_first_token": {
        "mean": 0.06300340522429906,
        "min": 0.03866341600951273,
        "p0.1": 0.040202643623066255,
        "p1": 0.042458582189719894,
        "p5": 0.044500706795224686,
        "p10": 0.04562863169121556,
        "p25": 0.04849874125284259,
        "median": 0.05300411849748343,
        "p75": 0.05785134500183631,
        "p90": 0.06106605250679422,
        "p95": 0.06283763624887798,
        "p99": 0.4815882299555197,
        "p99.9": 1.3576627045626346,
        "max": 1.9942142660001991
      },
      "inter_token_latency": {
        "mean": 0.00899710550580406,
        "min": 1.7199927242472768e-06,
        "p0.1": 2.2949971025809646e-06,
        "p1": 4.429995897226036e-06,
        "p5": 5.608992069028318e-06,
        "p10": 7.117007044143975e-06,
        "p25": 1.558374788146466e-05,
        "median": 4.0045997593551874e-05,
        "p75": 0.01782398850264144,
        "p90": 0.018570496792381163,
        "p95": 0.01898374579832307,
        "p99": 0.01990407813093043,
        "p99.9": 0.028486245594947838,
        "max": 1.0605726419889834
      }
    },
    "throughput": {
      "input_tokens_per_sec": 2928.6010031655046,
      "output_tokens_per_sec": 1205.8204873543857,
      "total_tokens_per_sec": 4134.4214905198905,
      "requests_per_sec": 4.968699213052891
    },
    "prompt_len": {
      "mean": 589.41,
      "min": 578.0,
      "p0.1": 578.0,
      "p1": 578.99,
      "p5": 581.0,
      "p10": 582.0,
      "p25": 585.75,
      "median": 589.0,
      "p75": 594.0,
      "p90": 597.0,
      "p95": 599.0499999999997,
      "p99": 601.0099999999998,
      "p99.9": 602.0,
      "max": 602.0
    },
    "output_len": {
      "mean": 242.68333333333334,
      "min": 4.0,
      "p0.1": 14.998000000000001,
      "p1": 75.98,
      "p5": 238.95000000000002,
      "p10": 243.0,
      "p25": 246.0,
      "median": 248.0,
      "p75": 249.0,
      "p90": 249.0,
      "p95": 250.0,
      "p99": 251.00999999999976,
      "p99.9": 253.0010000000002,
      "max": 254.0
    }
  },
  "failures": {
    "count": 0,
    "request_latency": null,
    "prompt_len": null
  }
}