{
  "load_summary": {
    "count": 6000,
    "schedule_delay": {
      "mean": 0.0004088788627268514,
      "min": -0.0011557642719708383,
      "p0.1": -0.0010346006625768496,
      "p1": -0.0007939397705195007,
      "p5": -0.0004720995340903755,
      "p10": -0.00028591937152668836,
      "p25": 3.398138142074458e-05,
      "median": 0.0003968499877373688,
      "p75": 0.000779550082370406,
      "p90": 0.0011081776436185473,
      "p95": 0.0013011536248086486,
      "p99": 0.0016240858218225184,
      "p99.9": 0.0023096609838248903,
      "max": 0.006071242401958443
    },
    "send_duration": 599.5099999539962,
    "requested_rate": 10.0,
    "achieved_rate": 10.008173342330261
  },
  "successes": {
    "count": 6000,
    "latency": {
      "request_latency": {
        "mean": 4.753587089595135,
        "min": 4.064915341004962,
        "p0.1": 4.241068679539748,
        "p1": 4.643939291377755,
        "p5": 4.663736396401509,
        "p10": 4.677949936001096,
        "p25": 4.702343789002043,
        "median": 4.740398868496413,
        "p75": 4.790369331745751,
        "p90": 4.8518590499938,
        "p95": 4.894948827197368,
        "p99": 4.972549942743499,
        "p99.9": 5.0306142169942625,
        "max": 5.040081057988573
      },
      "normalized_time_per_output_token": {
        "mean": 0.020773160842091826,
        "min": 0.01639078766534259,
        "p0.1": 0.017170191506245894,
        "p1": 0.01865005817840134,
        "p5": 0.01878923179190675,
        "p10": 0.01886268718508584,
        "p25": 0.019002554901178734,
        "median": 0.019199936467742172,
        "p75": 0.01945954344291265,
        "p90": 0.019812910740921032,
        "p95": 0.020162607443890774,
        "p99": 0.047969779486677175,
        "p99.9": 0.2785929451122714,
        "max": 1.5605750906688627
      },
      "time_per_output_token": {
        "mean": 0.009485118721117479,
        "min": 0.008154118575762506,
        "p0.1": 0.008484846043786253,
        "p1": 0.009265653442550566,
        "p5": 0.00930609972617469,
        "p10": 0.009334725236365539,
        "p25": 0.009382650764143704,
        "median": 0.009459455485862557,
        "p75": 0.009560147249482329,
        "p90": 0.009680351988492403,
        "p95": 0.009770795747780623,
        "p99": 0.009924536854423514,
        "p99.9": 0.010034865018290868,
        "max": 0.010038928648502792
      },
      "time_to_first_token": {
        "mean": 0.0567807600697682,
        "min": 0.026191273995209485,
        "p0.1": 0.039886651446096946,
        "p1": 0.04635149833513424,
        "p5": 0.04793633310036967,
        "p10": 0.04904894420469645,
        "p25": 0.05195435499990708,
        "median": 0.05676778549968731,
        "p75": 0.061528122754680226,
        "p90": 0.06450729689095169,
        "p95": 0.06574239790061256,
        "p99": 0.06814643126708689,
        "p99.9": 0.07309595230391351,
        "max": 0.1055192430067109
      },
      "inter_token_latency": {
        "mean": 0.00948511842748863,
        "min": 1.7129932530224323e-06,
        "p0.1": 2.464003046043217e-06,
        "p1": 4.860004992224276e-06,
        "p5": 6.018002750352025e-06,
        "p10": 7.080001523718238e-06,
        "p25": 1.1847005225718021e-05,
        "median": 3.831449430435896e-05,
        "p75": 0.019020454747078475,
        "p90": 0.019637330404657406,
        "p95": 0.020002212539111497,
        "p99": 0.021050261582422545,
        "p99.9": 0.02577220236583006,
        "max": 0.06944789600674994
      }
    },
    "throughput": {
      "input_tokens_per_sec": 5857.542815360827,
      "output_tokens_per_sec": 2420.8347959472644,
      "total_tokens_per_sec": 8278.377611308091,
      "requests_per_sec": 9.937976646749847
    },
    "prompt_len": {
      "mean": 589.41,
      "min": 578.0,
      "p0.1": 578.0,
      "p1": 578.99,
      "p5": 581.0,
      "p10": 582.0,
      "p25": 585.75,
      "median": 589.0,
      "p75": 594.0,
      "p90": 597.0,
      "p95": 599.0500000000002,
      "p99": 601.0100000000002,
      "p99.9": 602.0,
      "max": 602.0
    },
    "output_len": {
      "mean": 243.59433333333334,
      "min": 3.0,
      "p0.1": 16.999000000000002,
      "p1": 99.0,
      "p5": 240.0,
      "p10": 244.0,
      "p25": 246.0,
      "median": 247.0,
      "p75": 249.0,
      "p90": 249.0,
      "p95": 250.0,
      "p99": 251.0,
      "p99.9": 253.0,
      "max": 254.0
    }
  },
  "failures": {
    "count": 0,
    "request_latency": null,
    "prompt_len": null
  }
}