{
  "load_summary": {
    "count": 9000,
    "schedule_delay": {
      "mean": 0.00043144015481973635,
      "min": -0.0012191559799248353,
      "p0.1": -0.0010346006625768496,
      "p1": -0.0007662080015870743,
      "p5": -0.00045272500137798487,
      "p10": -0.00026729686942417175,
      "p25": 4.936779441777617e-05,
      "median": 0.00040992474532686174,
      "p75": 0.0008072780365182552,
      "p90": 0.0011432384359068239,
      "p95": 0.0013404734760115373,
      "p99": 0.0017037720761436503,
      "p99.9": 0.002598119432455875,
      "max": 0.0062460489716613665
    }
  },
  "successes": {
    "count": 9000,
    "latency": {
      "request_latency": {
        "mean": 4.675230160187726,
        "min": 3.69538671898772,
        "p0.1": 3.979005033768277,
        "p1": 4.166514283568395,
        "p5": 4.338652646157425,
        "p10": 4.394761468197975,
        "p25": 4.533395721246052,
        "median": 4.705842078503338,
        "p75": 4.764927527750842,
        "p90": 4.831558039489027,
        "p95": 4.887285033847002,
        "p99": 4.999078489504755,
        "p99.9": 10.443994889637743,
        "max": 11.341471170002478
      },
      "normalized_time_per_output_token": {
        "mean": 0.020560433026240547,
        "min": 0.014900752899144033,
        "p0.1": 0.016040171224382557,
        "p1": 0.016866095322452423,
        "p5": 0.017535191576933187,
        "p10": 0.017778968685890507,
        "p25": 0.018427729055110833,
        "median": 0.01903728215061711,
        "p75": 0.01934834700282153,
        "p90": 0.01973650716873259,
        "p95": 0.02023138102918285,
        "p99": 0.05019545580719718,
        "p99.9": 0.2908320525953473,
        "max": 1.5605750906688627
      },
      "time_per_output_token": {
        "mean": 0.009322451924192945,
        "min": 0.00738191707677095,
        "p0.1": 0.007940054009113705,
        "p1": 0.008314215686280726,
        "p5": 0.008652833412031553,
        "p10": 0.008768952143025194,
        "p25": 0.009049379719693785,
        "median": 0.00938907811212979,
        "p75": 0.00950826791666608,
        "p90": 0.009639827689688626,
        "p95": 0.009752277616354709,
        "p99": 0.00997408198381626,
        "p99.9": 0.02008566384858086,
        "max": 0.02080649893308076
      },
      "time_to_first_token": {
        "mean": 0.058854975121278484,
        "min": 0.026191273995209485,
        "p0.1": 0.039886894694092914,
        "p1": 0.04366934363322798,
        "p5": 0.04633720174533664,
        "p10": 0.04781059429806191,
        "p25": 0.05070910649737925,
        "median": 0.05547262349864468,
        "p75": 0.060338310249790084,
        "p90": 0.06386209999909624,
        "p95": 0.06546479200624163,
        "p99": 0.06999859479532462,
        "p99.9": 1.0238050316262834,
        "max": 1.9942142660001991
      },
      "inter_token_latency": {
        "mean": 0.009322447453593773,
        "min": 1.7129932530224323e-06,
        "p0.1": 2.4049950297921896e-06,
        "p1": 4.653003998100758e-06,
        "p5": 5.909998435527086e-06,
        "p10": 7.089998689480126e-06,
        "p25": 1.2613993021659553e-05,
        "median": 3.890400694217533e-05,
        "p75": 0.01871517949984991,
        "p90": 0.01944714950514026,
        "p95": 0.019830681005259976,
        "p99": 0.020866537449182973,
        "p99.9": 0.027653166450982623,
        "max": 1.0605726419889834
      }
    },
    "throughput": {
      "input_tokens_per_sec": 4383.909539250595,
      "output_tokens_per_sec": 1809.5456039270402,
      "total_tokens_per_sec": 6193.455143177635,
      "requests_per_sec": 7.437792944216412
    },
    "prompt_len": {
      "mean": 589.41,
      "min": 578.0,
      "p0.1": 578.0,
      "p1": 578.99,
      "p5": 581.0,
      "p10": 582.0,
      "p25": 585.75,
      "median": 589.0,
      "p75": 594.0,
      "p90": 597.0,
      "p95": 599.0499999999993,
      "p99": 601.0100000000002,
      "p99.9": 602.0,
      "max": 602.0
    },
    "output_len": {
      "mean": 243.29066666666668,
      "min": 3.0,
      "p0.1": 15.999,
      "p1": 90.99,
      "p5": 240.0,
      "p10": 244.0,
      "p25": 246.0,
      "median": 247.0,
      "p75": 249.0,
      "p90": 249.0,
      "p95": 250.0,
      "p99": 251.0,
      "p99.9": 253.0,
      "max": 254.0
    }
  },
  "failures": {
    "count": 0,
    "request_latency": null,
    "prompt_len": null
  }
}