{
  "load_summary": {
    "count": 7200,
    "schedule_delay": {
      "mean": 0.0004162728194008499,
      "min": -0.0015054480163598782,
      "p0.1": -0.0010634125809046964,
      "p1": -0.0008118567624251227,
      "p5": -0.0004904965975129016,
      "p10": -0.0002921162620623363,
      "p25": 3.681408327338431e-05,
      "median": 0.00041425460040045436,
      "p75": 0.0007888669279054739,
      "p90": 0.001113425970197568,
      "p95": 0.0013214499170771867,
      "p99": 0.0016739810597937322,
      "p99.9": 0.00246861103466018,
      "max": 0.0064804183230080525
    }
  },
  "successes": {
    "count": 7200,
    "latency": {
      "request_latency": {
        "mean": 2.071120309134724,
        "min": 1.614485181999953,
        "p0.1": 1.7208707096996883,
        "p1": 1.773511143839687,
        "p5": 1.8532200494003064,
        "p10": 1.8997772497997176,
        "p25": 1.9768642670005647,
        "median": 2.06609232449955,
        "p75": 2.1632574169996133,
        "p90": 2.2599607800997545,
        "p95": 2.309134406349608,
        "p99": 2.3993211105307504,
        "p99.9": 2.55298244952734,
        "max": 2.573312750000696
      },
      "normalized_time_per_output_token": {
        "mean": 0.022537777094621975,
        "min": 0.0,
        "p0.1": 0.006562821565809824,
        "p1": 0.007111210119196456,
        "p5": 0.00746965178641002,
        "p10": 0.0076768067235896565,
        "p25": 0.00804680662625883,
        "median": 0.008617296468896083,
        "p75": 0.011064249298900652,
        "p90": 0.03221660271976092,
        "p95": 0.08398373420000058,
        "p99": 0.30749631003853684,
        "p99.9": 0.7004376477077277,
        "max": 1.0996167619996413
      },
      "time_per_output_token": {
        "mean": 0.0040593590608689525,
        "min": 0.0031578018011926,
        "p0.1": 0.003366320877594095,
        "p1": 0.00347405364508787,
        "p5": 0.0036291635381712514,
        "p10": 0.003721595704772452,
        "p25": 0.003873465547714196,
        "median": 0.004049847549701371,
        "p75": 0.004240319157058364,
        "p90": 0.004431188197614533,
        "p95": 0.004527339314512923,
        "p99": 0.00469745472004032,
        "p99.9": 0.0050127053372969865,
        "max": 0.005044438288269426
      },
      "time_to_first_token": {
        "mean": 0.02712883728152974,
        "min": 0.019210810999538808,
        "p0.1": 0.019890462977093192,
        "p1": 0.0208707673902245,
        "p5": 0.02220037889997002,
        "p10": 0.023072691899960772,
        "p25": 0.02468400650013791,
        "median": 0.02682813349974822,
        "p75": 0.02906136599972342,
        "p90": 0.031182708800542976,
        "p95": 0.03259340424981474,
        "p99": 0.03826375239014851,
        "p99.9": 0.05678431666099194,
        "max": 0.0755048569999417
      },
      "inter_token_latency": {
        "mean": 0.0040593590608689525,
        "min": 1.6700000742275734e-06,
        "p0.1": 2.3490001694881357e-06,
        "p1": 4.057999831275083e-06,
        "p5": 4.525000349531183e-06,
        "p10": 4.797000656253658e-06,
        "p25": 5.603999852610286e-06,
        "median": 2.968700027849991e-05,
        "p75": 0.008140104500398593,
        "p90": 0.00869516510010726,
        "p95": 0.009029302300268681,
        "p99": 0.009741794130541163,
        "p99.9": 0.01392143296181584,
        "max": 0.04076293800062558
      }
    },
    "throughput": {
      "input_tokens_per_sec": 4708.994225621209,
      "output_tokens_per_sec": 1236.757154621572,
      "total_tokens_per_sec": 5945.751380242781,
      "requests_per_sec": 5.992306609005916
    },
    "prompt_len": {
      "mean": 785.84,
      "min": 770.0,
      "p0.1": 770.0,
      "p1": 771.98,
      "p5": 774.0,
      "p10": 777.9000000000001,
      "p25": 780.0,
      "median": 784.0,
      "p75": 791.25,
      "p90": 797.1000000000004,
      "p95": 800.0499999999993,
      "p99": 806.0,
      "p99.9": 806.0,
      "max": 806.0
    },
    "output_len": {
      "mean": 206.39083333333335,
      "min": 0.0,
      "p0.1": 2.0,
      "p1": 7.0,
      "p5": 24.0,
      "p10": 64.0,
      "p25": 188.75,
      "median": 251.0,
      "p75": 252.0,
      "p90": 253.0,
      "p95": 253.0,
      "p99": 253.0,
      "p99.9": 254.0,
      "max": 254.0
    }
  },
  "failures": {
    "count": 0,
    "request_latency": null,
    "prompt_len": null
  }
}