{
  "load_summary": {
    "count": 4800,
    "schedule_delay": {
      "mean": 0.0004760389075530232,
      "min": -0.00115665266639553,
      "p0.1": -0.000992591769298997,
      "p1": -0.0007813635397451435,
      "p5": -0.00044626551270994237,
      "p10": -0.00026291323101759186,
      "p25": 6.863169983262196e-05,
      "median": 0.00044297089561951,
      "p75": 0.0008452047816263075,
      "p90": 0.0012016826794933883,
      "p95": 0.0013931109976056185,
      "p99": 0.0018442496701845839,
      "p99.9": 0.006139864551058161,
      "max": 0.0069206047510306234
    },
    "send_duration": 1199.9453189569995,
    "requested_rate": 4.0,
    "achieved_rate": 4.000182278449315
  },
  "successes": {
    "count": 732,
    "latency": {
      "request_latency": {
        "mean": 160.06327764517076,
        "min": 24.297229328999492,
        "p0.1": 25.28979110349488,
        "p1": 29.83429990707982,
        "p5": 38.03391387064994,
        "p10": 54.43813098270021,
        "p25": 86.61943737849992,
        "median": 156.3792373289998,
        "p75": 232.99746800549997,
        "p90": 263.2046857684994,
        "p95": 285.4893470181994,
        "p99": 289.78895111351005,
        "p99.9": 295.8642572762032,
        "max": 297.1326499429997
      },
      "normalized_time_per_output_token": {
        "mean": 1.2285648094850143,
        "min": 0.0,
        "p0.1": 0.0,
        "p1": 0.020575379246261946,
        "p5": 0.028360445081178624,
        "p10": 0.04019211944603199,
        "p25": 0.07689907007879324,
        "median": 0.1449023239930251,
        "p75": 0.202990980712351,
        "p90": 2.7456710849205055,
        "p95": 5.547121800823947,
        "p99": 23.94440533939049,
        "p99.9": 34.168929672001525,
        "max": 36.4628812557143
      },
      "time_per_output_token": {
        "mean": 0.018438931384821552,
        "min": 0.00835710361891606,
        "p0.1": 0.008707758592539206,
        "p1": 0.0102788595444564,
        "p5": 0.013104808415395276,
        "p10": 0.014438308917535373,
        "p25": 0.014488286615032799,
        "median": 0.014658525310321063,
        "p75": 0.02390561394796342,
        "p90": 0.027503080875492084,
        "p95": 0.028154148823006705,
        "p99": 0.02854564661426982,
        "p99.9": 0.028643030107935837,
        "max": 0.02868763347462883
      },
      "time_to_first_token": {
        "mean": 106.64468347674318,
        "min": 0.039182858999993186,
        "p0.1": 0.04103049147087313,
        "p1": 0.04774934886011579,
        "p5": 0.0730994207497588,
        "p10": 0.13177368639990172,
        "p25": 42.367873012750124,
        "median": 91.28845634100026,
        "p75": 165.09785956674978,
        "p90": 215.44766336090004,
        "p95": 241.50018075620005,
        "p99": 246.50677395313,
        "p99.9": 247.96116608979702,
        "max": 248.42736917100046
      },
      "inter_token_latency": {
        "mean": 0.018438933285290313,
        "min": 1.8799992176354863e-06,
        "p0.1": 4.354467121629568e-06,
        "p1": 5.341000360203907e-06,
        "p5": 7.1320000643027015e-06,
        "p10": 9.029000466398429e-06,
        "p25": 1.8480000107956585e-05,
        "median": 9.515450028629857e-05,
        "p75": 0.027150848999781374,
        "p90": 0.02782797229974676,
        "p95": 0.030052653300117513,
        "p99": 0.06823567103990173,
        "p99.9": 0.09445933085844724,
        "max": 39.947262957999556
      }
    },
    "throughput": {
      "input_tokens_per_sec": 528.037578446404,
      "output_tokens_per_sec": 536.9834815272947,
      "total_tokens_per_sec": 1065.0210599736988,
      "requests_per_sec": 0.48792199204321196
    },
    "prompt_len": {
      "mean": 1082.217213114754,
      "min": 1055.0,
      "p0.1": 1055.0,
      "p1": 1065.0,
      "p5": 1069.0,
      "p10": 1071.0,
      "p25": 1075.0,
      "median": 1081.0,
      "p75": 1088.0,
      "p90": 1094.0,
      "p95": 1100.0,
      "p99": 1106.7599999999998,
      "p99.9": 1108.0,
      "max": 1108.0
    },
    "output_len": {
      "mean": 1100.551912568306,
      "min": 0.0,
      "p0.1": 0.0,
      "p1": 7.0,
      "p5": 22.0,
      "p10": 52.10000000000001,
      "p25": 944.5,
      "median": 1448.0,
      "p75": 1449.0,
      "p90": 1450.0,
      "p95": 1450.0,
      "p99": 1450.0,
      "p99.9": 1451.0,
      "max": 1451.0
    }
  },
  "failures": {
    "count": 4068,
    "request_latency": {
      "mean": 300.5021336772628,
      "min": 300.00071050399947,
      "p0.1": 300.0018027069615,
      "p1": 300.0173018080804,
      "p5": 300.0550148115003,
      "p10": 300.10660380679974,
      "p25": 300.257222793,
      "median": 300.50252889500007,
      "p75": 300.7496098897502,
      "p90": 300.9034892350998,
      "p95": 300.95193357339974,
      "p99": 300.99103451888004,
      "p99.9": 300.9993612971141,
      "max": 300.99998432699977
    },
    "prompt_len": {
      "mean": 0.0,
      "min": 0.0,
      "p0.1": 0.0,
      "p1": 0.0,
      "p5": 0.0,
      "p10": 0.0,
      "p25": 0.0,
      "median": 0.0,
      "p75": 0.0,
      "p90": 0.0,
      "p95": 0.0,
      "p99": 0.0,
      "p99.9": 0.0,
      "max": 0.0
    }
  }
}